GTATCAATAAACTTCCC	1
TCGACCACAGATCTTGA	1
ACACCCGTACATATTAA	1
AAACCCAAACAGGTCGT	1
AACCCCTTTCATATTCT	1
GAATCCACTAACTCCAA	1
GGGTTCAAAGATTCTGA	0
TGGACTATAAACTCGGA	0
TCATTCATGCCATACTA	1
ATATCTGCTCCTCAACT	1
AAACCCAGACTTCTCGA	1
GCACCCGTTCATACCAA	1
ACATACATAAATCTAAA	1
AGGTCCAGGCCCGCTAT	1
TGACTCAAACATCACTA	1
ACTCGCAGACCCCCCAA	1
ACATCAACACACTTGCT	1
TCAGGCACACAACCCAA	1
GCACCCGCACACCGCAG	1
GAGTCCTGGCACCTCCC	1
TCCTGCATTCACCATCT	1
ATCTCCACACATCAGCC	1
GATCGCAAGCACGTCGC	1
GCGCTCATATACATGGC	1
GACTTCATGCCTTTTGA	1
AAATACACACATTTTAC	1
TCAACAATACCCCTGGA	1
TCACCCATACCCACCAG	1
GAACCCTTACGCCAAGG	1
TCCATCAAATACCCGTA	0
ACACCCACTCACCGCAT	1
TGGTAAATGCACACGGA	0
CAGCCCATACCCCACAC	1
GCACCCACACCTCGCAT	1
TCACCCACATATTTGAC	1
ACATCCATTCCTTGAAT	1
ATACCCATACAAAGAAT	1
GGCCGCGTACATCTGGC	1
ACTTCCAAATCCTTCAC	1
TCATACACACATGTATA	1
TCTTCCGTGCCCTAGTC	1
GAATCTATAAACTCTAA	1
ACACACACACACCTCAA	1
CAATCCTGACATATATT	1
CAACCCGTGCACACTGG	1
GAGTACATGCAACTTGA	1
TCTTCCATTCAACTGGC	1
GTGACCAGGCACGCGGA	0
ACACCCATACATCTAGA	1
ACACCGTGTCCTATCCT	1
AAATACATACACATATT	1
GCAGCCACACAAATCTA	1
TGATCGATAACCCTTGA	1
ACACCCATACCTCGTTT	1
ATATCCATCTACTACCA	1
TCAACCATATATATTAT	1
AAATCAGTACATAATTG	1
AAACACATACATTACCA	1
GCAAACATACACAAATA	1
ACACACACACACACAAA	1
GCGTCCATGGAATCGCC	1
TCACGCATACAGGCAAC	1
TCATCGATAAACGTTAC	1
GCTTGCAAACATCTTAG	1
TCGTCCGTACATTGGGA	1
TCACGCAAATCCTCGAC	1
ACATCCAAGCGCAGCAA	1
AGGCTAATGCCCCTCTA	0
GGGTCCACTTACCCCTC	1
TCTTCCACGCCTACCAA	1
TGACCCATTCATCAAAG	1
AGATCCACAGACTTTCT	1
AAACACACACACACAAA	1
GATGTCAGGCACCCCGT	1
GAAGTCAGAAACCCCGC	0
GACCCCAGACATCATTG	1
AAGTACACAAACTCCAA	0
ACGTCAGTACCCCTCCA	1
TACGCCATGAACTCCTC	1
TGCCCCACACATTTCCT	1
ACACACATACATGCGCT	1
GTACCCAGGCGCTACTA	1
TCAGCCAAGCATCTGTA	1
TGACACAAAAACTCGAC	0
ACCTGCATACAATACGG	1
AGATACATACCTCCATT	1
ACGGCCATGCAATTGGC	1
TACTTCATATACTTTTC	0
AGCTCCATACCGATCAT	1
GCCTCTACGCACCTAAA	1
ACGTCCATGCAGAACCA	1
AGATTCAAACATTACCA	1
TAAACCAAAAACCACGA	1
CGACCCAGACAACACAT	1
ACACACATGCAACTTGT	1
AAGACCACACACCACGG	1
ACCTTCATACAGTTGTT	1
TCATCCGTATACACTGC	1
TGATCCATGTAGCCATA	1
CCACCCGTACATCCGGA	1
ACACTCAATCACGTGGG	1
GCATCCACTCCCTATTA	1
TCAACCATGATCCCTGA	1
GCGCACAAATACCCGGC	1
GGAAACATATACCAGGA	0
TCTCCCAAACCCGACCA	1
GAGCCCATGCATTGTAC	1
TCACCATCGCATCGCAA	1
TGATTCGTACACTTTTT	1
AAAAAAACGCAACTAAT	0
AAGTCCGTGCACCCCCT	1
GCGCCCATGGAGCTGTG	1
TCTTCCACACACACAAA	1
TAGTGCAAAACCTCCTA	0
ACACCCATTCATCACGT	1
GCACCCAGTCACCGCCC	1
GTATCCAGACATGGCCG	1
AAACCCATGGCTCAGTA	1
GGACCCATTTACCTAAT	1
AGATCCAGACATGATTT	1
GAACCAAAACACCTCTA	1
ACAACCTTACACAGTGG	1
ACACCGTGACATACTAC	1
GAACTCGCACCCTTTGC	1
TTATTCAAGCCCTCCAG	1
GAAACATCAGATATTAT	0
GAATCCAAAAACTGGTA	1
AGGGCCTAACACCTGAT	1
GCACACACACACCGTTG	1
CCATCCAAACATAGATA	1
ACCTCAATACACCTGAC	1
AAATCCATTCATGTTAA	1
ACAGCCTGACCTGGAGC	1
ACCTGCACACATTTTGG	1
ACATACATACATATACA	1
GCTTCCTCACACCACAT	1
CCACCCACACCCATTCA	1
TCCTCCAGGCATACCTC	1
AGACCCGTTCAGTGTGT	1
TCATCCAAGCACACTAA	1
AGGCGCAGACAATCCGT	0
GCATCCGTGCACCTCAC	1
TCATACAAACCCAACAA	1
CCACCATTGCATCAACT	1
GCATCCAAACAGTAAGT	1
GAACGCATACGCTTTTA	1
GCATCCGTACACCTACA	1
CGATCCAAACCCTTTTT	1
CAACCTATACATCTGGC	1
TCACACAAACATCGCTT	1
GGGTTCACAGACACAAA	0
GCACTCATAGAACTCAT	1
GAACCCATGCACCACAC	1
TCATACATACACTATAT	1
AAACACATGTCCCACGA	1
GATTCCTTACACTTTGC	1
CCATCCATATCCAAGAC	1
GCATCCAAACAAAATAT	1
TGATGCATACGCTATTT	1
GGATACACACCTCCCTC	1
AGGCACATAAATTCCAT	1
AAGTCCAAATATCTGTA	1
ACGCTGGAACACCAGAT	1
ACGTATATACATTCCAA	1
AAGGTCACACATCACAA	1
CAACGCATACACAATAT	1
CCCCCCATACACATTTT	1
TAATGCGAACACTTTAG	1
ACGTTCATGCCCCAGCG	1
TGGTGCAGACACTCATC	0
ACATGCACACCTCTCCC	1
ACATACAAGCATTTAAT	1
TAACACATGCTCTTCCA	1
AGGCTCATCAACTTCAA	0
AGATTCAAAGACTAGAT	0
ACACCCTTGCACCCATA	1
ATACCCGTACGCAGTAC	1
GAGTTCGTACATTTTGT	1
GAACCCGAACCTTCTAA	1
TCGCCCGGGCATTTCGT	1
TGCTCCATTCAACCGAG	1
GGGGCCATACCAGAGAA	0
TACCCCTTACCTCTCGC	1
TACCGCAAGCACATGAA	0
CAACCCATTCATCAAAT	1
GACTCCCTGCACATGGT	1
TCACACATACACTCCGA	1
GCATTCTGACATCGCTT	1
TCGTCCACGCTCCTTAA	1
AAATTCACACATTTCTT	1
AACTGCATACTCTTCTC	1
GTATACATACAACAGGT	1
AAGCCCAAACTCCCGCT	1
CAATCCGCCCATAATCT	1
TCTACCAAACACCTAAT	1
TGGTCCAGACCTCATAA	1
TCCTCCACAAACTTGAC	1
TCAACCAAGCCCCCACA	1
GAATCCGTACAATGCGA	1
GAACCCGTGCCCTATCA	1
ACATCCATACCGTGTGT	1
TCATCCAGACAGGACAA	1
GTGACCATCAACCAGGA	0
AACAGCAAACACTCCGA	1
ACACCCATGCATTTTGT	1
CAACCCAGTCACCGGAT	1
ACCACCATGACCGTCAA	1
GCACCCACACATTTATA	1
GCGATCACTCCCCTCAT	1
ACAGCCAAACATGACGA	1
GCCTCCAGAGACTTGTA	1
ACGTCCGAGCTCTTCAT	1
GTAGCCAAGCACATGGA	1
TTCTCCAGACAGCCCCA	1
TTACCCACACCTGTGAT	1
TAATTCATAAACCAAAT	1
CCCCCCGTTCGTTGCAA	1
GAATGCGTACACCCTGC	1
GCAACCGTACCTGCAGA	1
TGAGTCATTCACTACGA	1
TATTGCGTACACCTGTC	1
ACGCCCACAAACCGGTA	1
GGATCCTGGCACAGTAT	1
TCCCCCACACATGGTTT	1
AACTCCAAACAACTTAA	1
GCGCCCACACCCCACAC	1
TAATCAATGCACTCCCC	1
TTAAACATACATCCTAT	1
AGGAACAAACACATCAA	0
GAATCCATATATTTAAC	1
CACCCCATACACACAAA	1
GAACCCAAACAGATCTT	1
TCGACCAAACAGCTTAT	1
GTCTCCACACCTCCGCT	1
AAACCCAAACATTTCTG	1
TGTTCCAAACATTACTC	1
ACATCAAGACATATACG	1
GAGCCCATGCATCTATA	1
TGTTTCAAGCACTTCAG	1
GAACCCGCACATTCAAA	1
TCACGCAGACATCTTTC	1
AAGCCCAAACCCTTGAC	1
TTGTCGAGACACTCCGG	0
TGGTCCATCGCCGCCGG	0
GCTTCCAGGCATTTTTT	1
AAACTCGTTCATAGTAT	1
AAATCCGCAAACATCAA	1
AAATCGATACAGTCCTC	1
ACAATCAAGCACTTTAC	1
CCACTCATACACCACAT	1
AGCTTCAAGCACCTCTC	1
GATGCCATACCCTTTTA	1
AAACCCAGACACGCTCG	1
AAATACACAAATTTCAT	1
GCCCCCATATCACTGTC	1
TACACCATAAACTTCAC	1
GTGTGCAAACACCAGCT	1
TAGAGCAGACACCTGAT	0
CCACCCGCACCTTTTGT	1
TTGCCCAAAAACCCTAG	1
GGATCCATACCCAGACA	1
AAATCCATCCATTACCT	1
ACGCCCGAACACTCCTA	1
TTACTCATACAACTCAA	1
AGGCGCACGCACCTTAA	1
TAGCCCAGAGCCCTCTT	1
ACATCCTTCCATGGTCG	1
GCATCCGTTCATAAAAT	1
GCAGCCGTCCACCCCCA	1
ACATCCTGACAAAAAAA	1
GAACCCATACTGGTGAA	1
AGTTCCATAAATCTGAA	1
TGGTACAAGCATTCGAG	0
ACTTGCATACACGTAAC	1
TAGTCCATGTACTCCAC	1
TGGCGCATATATCACAC	1
AAAAACACACATCTGGC	1
GGGACCATGTACCTCCC	1
AAACCCAAACATGTACT	1
AAACCCTTTCCTATGAT	1
ACACCCAGACCGCTGAG	1
TTGTCCATACTTCACCA	1
ATCTCCAAAGACCTTTA	1
ACTTGTGCACTTCTTTT	0
AAAGCCACACCTTTCAC	1
ATATGCATAGACTCGAT	1
GCAGCCAAGCCCATTAA	1
TAAACCATTCATTACAC	1
AGACGCATACCCTAAAT	1
TCAGACATACATATCGC	1
GCGCGCAAGCACGTTAC	1
GCCTTCACAAACTACGA	0
GAATGCAAACAACTGCA	1
GAGCCCGTACACAATGA	1
TCCTTGATACACATGAC	1
TCACCGGTACATAGAGC	1
TCCTCCGCACATACAGT	1
AGGAACATACCCCTTGT	1
AGATCCGTTCCTCGAAG	1
CAACACGTACATAGAGT	1
GCCGCCATTCACCTCTC	1
ACATTCAAACCTTTGGC	1
AAGCCCATCCACGTAAC	1
GCATTCATTAACTTCAA	1
GGAGGCAAACCCTTGAA	1
GCACCAACACACCTGTT	1
GCGCCCCAAGACGTTAT	1
GAATGCATCCATTTCGC	1
AGACCCAGCCCTCCGAC	1
AAGCCCATTCCACCCAT	1
AACTCCGAACACGACAT	1
ACGAGCACACACGTGAT	1
GAACCCAACCAACCCAG	1
GGGTCCAAACTCATCTT	1
ACTTCCAAACAACTGGT	1
GAAGCCAAATACTCCCC	1
TGATCCATACCACTCTC	1
TGTCCCATACACGTACG	1
TACCCCAAACACCGATC	1
CAATTCATGCTCTCCTA	1
TAACACAAGCATCCAAA	1
TCATCCAAACCGTTTGC	1
GGCTAAAAACACTTCAA	0
GACACCATACAACCAGC	1
GGCTCCATAAAACCTGC	1
TAACCCAAGCATCAATT	1
TAGTTCACACCATCGAT	0
TCCTTCATACCAGCCAA	0
ACATTCACCCATTTCTC	1
ACACGCATACACGTATA	1
AAACTCATATATCTCTT	1
TGCAGCATGCTCTCCAA	0
AAACCCAAACATCACAC	1
ATGTACTCACATCTTCG	0
GACTCCAAGGACTTGAA	1
CAGTCCAAACACACAAA	1
ACACCGAGACCTCCGTT	1
GGACTCGTACAACTGTC	1
ACGTCCATACAATTGAG	1
GCTACCGTACAACTTAA	1
AAATGCATACCCCACCT	1
ACAGCCATACACTTTAC	1
TCACCCATACATCACTC	1
CCATACATAAACTAGGA	1
GATCACAAACACTTGCA	1
ACACCCGATCCTCTTTT	1
ACAACCAAAGCCTACGA	1
GGGCCTATACACGTAGC	1
ACGTTCATACACCCAAT	1
ATACCCACACACGCAGT	1
AAGACCATACGCTTCCT	1
TCATGCATGCATCACAT	1
ACATCCATACATACGCC	1
GAACCCTTGCATCCGAA	1
CAGCCCATACATACTAC	1
GAACCCATAAAGCTAAA	1
TCACCCTCGCCTGCCGT	1
TCGTTCACGCACTAAAG	1
AAACCCAAAGATCTGAA	1
ACACCAACACCCCTGAC	1
GAACACATGCCCATAGT	1
TCATCCGCGCCCACTAC	1
GAATTCATACGCCTCTA	1
TTATGCATTCACTTGAG	1
AATCTCGTACACTCTGC	1
TGACCCAGTAACTTGAC	1
ATGTCCAAACAATTGAT	1
TGCCCCACACACATATA	1
ACACACACACACAACAT	1
TGATTCAAGCACCACAC	1
GCACCCGTGCATCATAC	1
GTACCCATACCGTACTT	1
GGGCCTAGACATCTCAG	1
AGTCCCGTTCATAATCT	1
TAATCCGGACATGTGTA	1
ATATCCATCCATTAGAG	1
AGATTCAAAACCTTGTT	0
CTCTCCAAACATTTGTA	1
GAACCTTGACACGTTCT	1
GAGTCCACGAACTAGCT	0
TCCACCAATCACACGGC	1
AAGTCCACACAAATCAA	1
TGATCCTTACACATAGT	1
AAATCCCATCATCGAAT	1
AAATCCGTGCACCGCAT	1
TCCCTCAAAAACTCTAC	0
AGGTCCAGGCTCCCGTT	1
GCATCCATGTTCTCAGC	1
GCACCCACACATCACCG	1
ACCTACCTGCCCTTGTA	1
ACACCGATCCATCCCAT	1
ACATCCGTATACTGCGA	1
ACCCACATGCAACTCAG	1
TGGCCCAAACACCGTCC	1
AATTCCAGACATTTAAC	1
GAATCCGTACCCTTTAT	1
ACCCCCGCACCTACAAT	1
TTGACCATACACTTATG	1
GCTTCCAAACATCAGCT	1
TAATTCACACATATGGA	1
TAGCCCACACATCTGAT	1
TCACAGATACACTTGAG	1
AGACCCTTACATGCTTG	1
TCCCCCATTCATAACTA	1
ACAAGCATACACCCAAG	1
TCAGCCATACCAGTGAC	1
AGACCAATGCACCTTTA	1
TGCTGCACACCCTAGGT	0
AAACCCAATCCCTTCAG	1
AACACCATACCTAACAA	1
TATTCTATACACCTGGT	1
ACCTCCAGATCCTTCTT	1
GCACACGCACCCCTAAA	1
TGACCCAAAGATATCGC	1
TCGTCGAGCCACGCCAA	0
TGGCCCAGGGACTACGC	0
AAACCCTGTCGTCAAGG	1
ACACCCGTACACCCTTA	1
AAGTCCAAACAACTCAA	1
GCATCCTTACCCAACAG	1
CAACGCAGACCTCTCAC	1
TAACCCATTCATGAGAT	1
GGGTCCGTACCCGCTTA	1
ACGCTCATGCCTCAAAA	1
GAAAACAGACAACTGGG	0
TCATCCACAAAACCGTA	1
TCACCCGAGGACCCCAT	1
GGACCCTTACATAGAAA	1
ACAGCCACGCAACACAA	1
TGCTTCAAACTCTTGAT	0
TCCTCCAATCACTTTTC	1
GAACCCATACCTCACGT	1
AAACCCATAGAGCACGC	1
AAGTCCATAGCTTTTGC	1
GAGCCCAGGCCTCCGTG	1
GCACCCAAGCTTCCCGT	1
TAGACCACACGCCCGTA	1
TCACCCGGACCCCCGTT	1
GATACCGTACACCTGCT	1
GAATCCATGAAACTCAT	1
TTCTGCAAACATCTCGT	1
AAATACACACATACCAC	1
ACATACATACATAGACG	1
TCCTCCATATACAACGG	1
AAGACCAAACATGTCCA	1
GCGTCCACAGCTTCCAT	1
TGGTTCACAAACTAGAA	0
TGTCCCAAACACCTTCC	1
CCAACCATACACCGCGT	1
AGGCTCATACCCACATT	1
GGTTCCATACACGGTAT	1
GAGCCGGTACAAGTCTT	1
TCGGCCATAAAACTCAT	1
TCCTCCATACCATTCTT	1
TTCTTCATTCACATCAA	1
GGGATCACACACCCCCC	1
TCATCCAGACAACATAA	1
GCAAGCAAGCATTATGA	1
TGGTCCCTCCATCCCAG	1
ACACCCGTAACTAGCTT	1
GCATGCAAACATCTTCA	1
GCTCCCACAGACCATGC	1
ATCTCCATAAACATAAA	1
ACATCCGGGCATGCTCT	1
AATTCCATAGACTTGAT	1
TCGCCCAAACCTTCTAG	1
ACGCCCGGGCCTTTCTC	1
CCCTCTATGCCCTTGTC	1
AGGGCCATACCTATGGG	1
GAATGCACGCATACGAC	1
GAGTACATTTACTCGAG	0
GAAACCAAACACCGAAC	1
CCCTTCATACACATTAA	1
ACGTCCGTGCCCCAGCC	1
GCGTCCAAACATTATTG	1
TAGTACATTCCCCTCTT	1
GCATCCTTACAGCTCAT	1
GGGTCCACATATCTCCA	1
TGACCCAAACTTTGCGA	1
GCCCCCGCACACAAGTA	1
AAATCCATAAATTCCTC	1
TGATCCACACGCCTCAT	1
AGACCCTTGCAGCACGT	1
CAATCCAATCACGCTGA	1
AAATCCGGATATTCCGT	1
GAATTCAAACCTACGGT	1
TGACTCACGCCCTCGAG	1
TTTTCCAAGCATTTGTA	1
ACCCCCATACATCCAGA	1
TCTTGCATGCCGTCCGT	1
ATATACAAACACCCGGT	1
GCCCACATGAACCCCAT	1
GGACACGCGCATTTCAA	1
TTATCCGGACCCTACAT	1
TAATGCACTCACCTCGT	1
GCATCGATACAATTGAT	1
TCACCCACACTTAGATT	1
TCATCCACACCCCTCTC	1
ACGCCCATTCCCATTCC	1
TCCTGCAAACATTGCAC	1
TCATCGATACCTACAAC	1
TCATCCAGACGTCTGAT	1
ACGTCCATGGATTTCAT	1
TGACCCATGCAACAAAA	1
AAATCCGTACAGGGACT	1
GCATCTACACCTCCAAA	1
CAACTCACACACGCGTT	1
AAGCTCGCTGACCTTTC	0
TCGTACATACCGGCCTC	0
GCACCCAGAGATCTTGC	1
AAGTCCGAACACCAGGT	1
ACTCCCAGTCCCCCGAA	1
GGACTCATCCATAAGAA	1
GGCCCCACACAGTTGAC	1
GCGCCCATACATCACAT	1
GCATTCCTGCATCTGGA	1
ACACCCAGACACCTCAA	1
GGACCCATACATCAGGC	1
ACTCCAGTACCTAGCAC	1
ACGACCATACCAGTGGA	1
GGGTCCGTACAGCTAAT	1
GTACCCATGGATGCTGA	1
TGATCAATGCATTTGCA	1
AGATCCTAACCTCGCAT	1
ATATACATATCCTCCAA	1
ACACCCCTACAATTGGC	1
GAATCCGTGCGTTCCAT	1
GCACTCACGCACACATA	1
TTATCCATATACCTTAT	1
ACGTCCGTACCATAGGT	1
GAACCATGACATTCAAT	1
TAGCACATGAACCCGCT	0
GAACCCATATGCCCAGT	1
TCATCTATCCCCTTCCA	1
ACATCCGTACATATGTA	1
GCCAGCATAAACCTCAG	1
ACATCCGTGCTCACCAC	1
GGATCCGCACCCACTTC	1
GCACCAGCACCTTCTCC	1
GAACGCGCGCGCCTCGA	1
GCCTCCAAATACTTACG	1
GCGTTCATAAACCTTCC	1
GCAACCATTCACATAAG	1
GCGCCCGTGCAGTCATC	1
GCTTTCATCCATTTCAC	1
AAATCCATGTACGCGCA	1
CTATTCAAAGACTCGAA	0
GGATCCAAACATGACTA	1
AAACCCCTGCATTTTCA	1
GTACGCAAGCATCCCGC	1
GAAAGCATACATCTTCA	1
GCACCCGGACACGCGTT	1
TCCTCCGCCCACTTGTA	1
TCATCCACCCAAATCAA	1
GAATCAAGACACCTGGT	1
TAATACATACCCCACTC	1
ATGTCGGCACACCCCAC	1
TCAAGCAGAAACTTCGT	0
TAGCGCATACACACAAC	1
ACATCCAGCGACCTCTT	1
ACGTTCATAAAACACAT	1
AGGACCAAACCCCTCAG	1
GGACCCAGAGACTCGAG	1
TCGACCATAGATTCGAC	1
TCACCCTAACACCAAGT	1
GTATACAGACACCATTC	1
GGTTTCACGCATCCCGT	1
TATTCCATATACTTTGA	1
AACCCCTGACATTTCGG	1
ATTTTCAAACACCACAA	1
GAGTTCATAGATGTGAC	0
ACATCCACATACGCCCC	1
GCACCAACACACCAAGA	1
GTTTCCACACCCGTGAT	1
AGATTCATACTCTTATA	1
GAATCCACATACTTTCT	1
CCATCCATGCATCCCAA	1
TAACCCACACTTAAACT	1
GATTCCAAACACTTTTT	1
TCACCCATTGACTCTAT	1
CCGTCCATATATCCACC	1
AAGCCCTTACATACTTT	1
GCACCCGTAGCCGTCGA	1
CAAACCTGCCATTGCAA	1
TTGTCCAGATACCCGAT	0
CTACCCATACCTTCTAG	1
GAGACCAAACACCACTT	1
GAGTTCAAATCCTCCAC	0
CGATTCAAACACACCGT	1
GCATCCACATATAACGC	1
ACACCCATACAATACAT	1
ATATCCATACACTTCCA	1
GCATCAGCTCATCTTGG	1
GACCACATACACCTTTT	1
CCACCCGGACCTGCATT	1
TAACCCACACAACATAA	1
GGTTCCATATCCAAGAA	0
GAATGCGTACACATTTA	1
GAAACTGGGCACGTAAT	0
TCCCGCAGACACGCTAA	1
ACAACCGAACACAATAT	1
ATCTCCATGCATCTTCA	1
ACCATCATACCCCCATA	1
CAGCCCACACATGAGGC	1
ACACCCAGACGTTACAC	1
ACTCCCTGTCACCGAAA	1
TTACCGATACATTCCGT	1
GGGCTCGAACCCCTAAC	1
GCTCCCATACCATTGCC	1
ACACCGGTATCTCGCCC	1
CCGTCCGTGCATTAAAT	1
AGGCCGATACAATCGAT	1
ACCAGCAAACACCCACA	1
AAATCCATCCACACAAA	1
ACACCCATATATTCTAT	1
GACGGCATACACCCAAG	1
GAGATCACAGACCTTGA	0
GAAATCATACCTTTCAT	1
GCACACATACCACACCT	1
GGACCCATATACTCTCT	1
GACCCCTTGCATCGCAT	1
ACACCCTTTCTTCTCCT	1
GACACCATAAACTTCAC	1
ACATCTATACACGTAGT	1
TGGTCCAAAGACTTGGC	0
CCACCCGTATACCCGAA	1
TAACCCATCCCTCAAAA	1
ACGTCTAGGCAACTCAA	1
GGGTGCATACAACTCGA	1
AAGAACACACACCAAAA	1
GAATGCATAACCCTTAT	1
AAATCCATGTCCCCTGG	1
AAAACCATGCAGTTCTT	1
GCGTCCAAGCCATTGAA	1
ACATGCGTGCAGCTCAG	1
ACGTTCACACATTCTAG	1
TGACCCATACAAGTACA	1
ACATCCGTACATATAAA	1
GGAGCTATACATTTGAA	1
ACCTGCAAACCTTAGAA	1
TGGCTCATACCTGTCAT	1
ACATCCACTCATCCGAA	1
AAACCCATGCATTAAGA	1
TCCTGCATACCCCAGCA	1
ACTCCCATAAATTCGAT	1
ACTTCCATAGACATTGA	1
GCACCAGTACACTTATC	1
ATATCCATAAACTTTCA	1
ATATCCATTCATATCAT	1
ACATCCTGACAAGTCTC	1
TCGTCCACGCCTGTCGT	1
CAACCAGTACAGAGAGT	1
TGCATCAAACACCTTGC	0
ACCTCCATACAGGAAAA	1
GAATCCATTCACTTATA	1
TCGCGCATAGCCACGAT	0
AAACACGTACCTCGTGA	1
TCATCCATTCATTGGAG	1
GAATCCATCTCCTCTTC	1
AAACCCACACATGCATC	1
ACGTTCAAACACATCCT	1
CAATCCATACACAAGAG	1
TAACTCAAACATCTGCA	1
CAATCCATACAATTCTT	1
GCACCCAGACAGTACAT	1
TCAAACATATCCCTCAA	1
TCAGCCGTCCATCTCAA	1
TCATCCGCACGTGGCTG	1
TGATACAAAAATTTCAA	1
TCATCCTTGCATTACCC	1
AGATTCATACACTGATC	1
AAGTCCACAAACTCTTC	1
AGACCTTTACATCAAAT	1
TGATTTATACCTCCTGA	1
TCGGCCAACCCTCCGTA	1
GCCCTCATCCGCTTCGT	1
TGACCCTTGCCTTTCAT	1
ACACGCACACACGCACT	1
TTTTCCATACCTTCCTT	1
GAAGCCTGACACCCCAC	1
AAATCCATACAAATATC	1
ACATACAAAAACCCGTC	1
CCAACCAAACACCACCC	1
ATACACAAACATCCCCC	1
ACCCACACACACCACAT	1
ACACCCAATCATTGCAC	1
CCGCCCACACATCACAT	1
TCACCCGTAGATGCGGT	1
GCCGCCATCTCCTTCAA	1
GGACCCATGGCCTGCAA	1
TAATACACACATGTGTC	1
AGTCCCGTACACATTAC	1
GCCTCCATGCGTCTCCT	1
ATACCCATACACTGGGG	1
TACTCCACAACCCTTGT	0
AACACCATGCCTTACCA	1
AAATCCATATACGCACA	1
TGTTACATACAGTCGGA	0
ACACCATTGCCTCTCCA	1
TCCTTTATACACTACTT	1
ACGTCCACTCCTTTCAC	1
ACGTTCATACAACACAT	1
GATCCCGGACCTAGAAA	1
TCACCAACACATTCTAA	1
TCTCTCATACCTTTCGT	1
AAACGCGGACACTACGA	1
TCCACCAAGAACTCCAA	1
AACTCCAAAAAATCCTA	0
TCATGCAAGCAATCTTC	1
GGGCACATGCCACCTGT	0
ACAGCCGTACATCCGGC	1
GGGCCCAGGCCCGTCCG	1
AAATCCATAAACTTTAC	1
TAGTGCAGATACTCGTA	0
TGATCCTTACATGGCTT	1
TAGCCCATACACCGCGT	1
AAGTACATACCTTTTTC	1
TAATCCAAACCTTTACT	1
ACCCCAGGACGCTTTAT	1
GCACCCATACGGATCTA	1
AAACCATTACATTATGT	1
GAGACCATTCTCCCCAT	1
AAACCCCGACCTACTAT	1
ACATCCAAACATCAAAT	1
ACACCCAAAGACCAAAG	1
GCAGCCAAACAACTGCA	1
TCATTCATTCATTTAGA	1
AGATCCAAACCTGTCCT	1
ATACCCATACCCCCTGT	1
ACATCCGTACATATTGA	1
GGATGCATATAACTGAT	1
AAGTTCAAGCATTTCAT	1
ATATACACACAGCCCAA	1
AAATCGATACATGACAC	1
GTACCCGTACATCTTGG	1
TCATCCACACACCGCGC	1
ACAACCGAACACCACCT	1
GACCCCAAACCTTTTCC	1
TGAGCCAACCACTTTTT	1
ACACCAAAACACTTGAT	1
CAATCCAAACCTTTAAT	1
GCGGCCACTCACCTTGC	1
TAACCCAGGTCCTTCAA	1
GGAGCCAAGCACCATCG	1
GAAGACCTACACCTGGT	1
ATATCCATACAATAGAA	1
GCATCCACATCCGCATC	1
AAACCCTGACATATTAG	1
GATTACGTACACTTGAC	1
ACATCCGTGCATACTCT	1
GCATCCACACACTATTT	1
TTACCCAAAACCCCAAA	1
TAGTCCATCAATCTCAT	1
TCTTCCAGACCCCTTTT	1
TTATCCACAAACTTTAA	1
GTATCCAGATATTTCAC	1
CAGTCCAAAAACCCCAG	1
CCACCCATACCCCTCGA	1
GCATCCAAACAACCGGA	1
TGGTGGATACACCCAGC	0
AGGCACATACCCATTTC	1
ACCTGCGAACACGTGGA	1
TACTCCATTCATTACAA	1
ACTTCCAGACATTTTAG	1
GAATACACACAACTCAA	1
GGATGCATGCCATACAC	1
TCATCCAGAAACGACAT	1
GCGGCCAGCCATCTGTT	1
TAATCCATACCGTACTT	1
CAGTCCTAACACTCCAC	1
TACCCCATACCACTCAA	1
ACACCCTAACGTTTAAA	1
GCAGCCAAACATCATCG	1
ACACCCACACACCACAC	1
GCGCACATACATGAAAA	1
AGACACATCAACTCCTC	1
AACTCCAAGCATTATCC	1
ACACCCATAAATTATAC	1
TAATCCATAAACCAGTT	1
GCGCGCATAGACCTCGC	1
TCATCCATTCCTTAGCA	1
ACTTCCCTGCACCTGTT	1
ACATCCCCGCAACAAAC	1
ACATGCGTTCATTGAGT	1
GTACCCCCACCCCCTAT	1
TGATCCATATTCCCGGA	1
ACATCCGTACATCCGTA	1
AAAGTCATACACTTTTT	1
TTACTCAGGCCCTTGTC	1
TCATGCATGACCTCTGG	0
GAAACCTCACATTGTAC	1
TGATCCATTCAGTCCAT	1
GCGTCCACACCTTTAAC	1
GAAGCCACACATTTTTG	1
GTAGCCACACCCTTCGC	1
GCACGCCCACCCCTCAC	1
AAACCCATCCACAATCT	1
ACATCCAGACCTACGAG	1
GAGGCCAAACATCCTGT	1
TACTACTTACACCTGAC	1
GCAATCAAACATCCTAG	1
TCGTCCATAGCTCTCAG	1
AAATCCGTTCATACTGC	1
ACACCTTTACACCTGAT	1
CAACCCATTCATGGAGG	1
GTATCCATTCCGTCCTC	1
GAATCCATACGCCACCC	1
AGACCAACACATCGTAA	1
TCATCCATAAACTTGTC	1
CCATCCATACATTTTGG	1
TCGCTCATAAACCCCAG	1
TGATCCGAGCATAGTCG	1
AAGACCACACACGAAAA	1
ACAGCCAAACAATTCAT	1
ACATCCATATGCCTCTA	1
ATATCCGCGCAATTTAA	1
GGACTCGTCCACTTTAC	1
TAATTCAAGAACTTCAA	0
GCAGCCAGAACTCTTGC	1
GGATTCATACACATCGT	1
GCAGCCACAGACACCAT	1
GCCTCCACACATTAAAA	1
GTAATCATACACGTGAA	1
GCTGACAGACACCTTGC	1
ACATGCAGGCATTCTCA	1
GAGTACATTCATTTCTC	1
AAATTCGGACTACGAAT	0
CAATCCTTACACTTCAG	1
TAATCCATACATTGTTC	1
ACCCCCGTATATAAAAC	1
TCATCCAGAGCTTTAGA	1
TCATCCATACAACAGAC	1
AAGTCCACAAACCCAAT	1
AAACCGAGACCCTACCA	1
GCACCCACACATTCTAA	1
GCGTACATACACCAGCA	1
TCGGCCAAACAACCAAT	1
AAACTCATGCGCCTCCA	1
TGGTCCATATACTCAGT	1
AAACCCAAGCCCAAGCT	1
GCGCGCATACATGCGTA	1
CAACCCAGGCACGAAGA	1
AAGTCGATACACTATAT	1
ACATCCAAAAATTTGAC	1
TTACCCGGACCTTACGA	1
AAATCTATACATAGACT	1
GAGCCCGCGCACTTCCT	1
AAACCCAAGCAACCGAT	1
ACATTCACATATTTCTC	1
TAATCCGTAAAGCCGAC	1
GAACGCATAAACGTAAA	1
TAGTCCATAAATCCTCT	1
GAATCCATCCACAGCGT	1
TCATCGAAACGCCTCAA	1
TACCCCATACCCAGGTG	1
AAATCCAAACCTATAAA	1
GCATACACACATATATA	1
TCATTCGGACAATTTAT	1
AAATCCGGTCATCGGGC	1
CAATCCATGCATTTAGG	1
AAGGCCATGCACATAAT	1
AGGCCCAACCATCTCTG	1
AAAGCCACACAAACCGA	1
GCGCAGATACATCAGAA	1
TAATCCGAAAACTCAGC	1
AAAACCATACACATTCG	1
GCGTGCATGCAACTCGT	1
GGATACATGCCCCACCG	1
TCACCCTTGCATTTGTT	1
TGGAACGTAGACTCGAC	0
TGTTCCATTCCCATGAA	1
GAACCCACGATCCCCGC	1
TCGTTCACACAGCCGTT	1
CAATCCTTGCGTTTCAG	1
GAAGCCATACATAATAT	1
TCAAACATACACTATTA	1
ACACTCAGGTACCTGAA	1
GAGTCCACTCAGCTCCA	1
GCGCCCACAAATGACCA	1
TCATACAAACACATTGA	1
ACATCCTTGCGTTGTTT	1
TAATTCATGCCCGTATC	1
TGCGGCGTACACCTCTA	1
ACCTCCACACCTGGTAT	1
ACAGACATGGACTCGTT	1
AAATCCATACATTTTAA	1
AGACCCAGACCCGTTTC	1
GAATCCAAATCTCTCAA	1
AAATCCACCCATATCTC	1
ACATCCGGTCACACAAC	1
CCCACCGTACATCGTCT	1
TAACCCGTATCTCTGAC	1
CCATCCCTACACTAGGA	1
GAGCACATAGCCATGGA	0
TGGCCTACACACTTCGT	1
ACGCTCATACTCTTTAT	1
ACACCCTTCCCCGAAAT	1
ACACGCACGCACATGGT	1
ACCTTCATACACTCCAT	1
GGCTCCATGAACACCAC	1
TTATCCAATTACCTCAA	1
GCGTCCAAGCACGCCCG	1
GGATCCGCACACATATC	1
ACTTACACGCACCTCTT	1
GCCCCCGCGAACGCCAT	1
TCATCCACCCATTTCTT	1
TATAACATACATTTCAA	1
AGACCCTTACATCAGCA	1
ACACCCAAACACCTCTT	1
AAGTCCGTACACCGCAC	1
AGATACATTCACATCCA	1
CCGTTCAAATCCTCCAC	0
ACACCCATGACCATGGC	1
GTGCTAATGCACTCGCA	0
TCATTCATGTCCTTGGA	1
ACACCCATACATTTATA	1
ACATCCGTACACTTTTG	1
GAATCTAAAGCCTCCAA	0
TTATTCAAACCTCAGAA	1
GAATTCTTACCCCACCA	1
GCGCCAGTGCACTCCAT	1
ACACCCTCCCACACCGT	1
CGACCAGCTCCTCGTAT	1
ACACCAAGACAAAGACT	1
TAACTCATACATTGCCT	1
GCACGCAAGCACATGGA	1
GAATTCAGACATTTCTA	1
CAATGCATGCCTTCCTA	1
GAAACCAAGCATCAAAC	1
TCATGGATATACCTCTA	1
TAATCCATGCAATTCAC	1
AACCCCGGATATCGTCA	1
GCGTCCACTCACCGCAT	1
TAATCCTTACATTTCAG	1
GCGCTGACACATCCCGA	1
ACATCCACGCATGAAGA	1
ACCACCATATACCTTCC	1
GAGCCCAAATATCTTGT	1
GCACCCACACACCGGAC	1
GGAGCCATTAACTATAC	1
GCGCACACACACATATA	1
AAGTCCACACATAGACC	1
GAGTACACGGCCACCAA	0
AGATACATGCATCTAGA	1
AAGTTCAGACACCAACC	1
ATATGCATATACGTCTA	1
TCATCCGTACGTTTTGC	1
ACAACCATCCCCCAGGT	1
TTCTCCATAAAGTCCAA	1
ACACCCACACACACCAC	1
ACATGCATGCATATCAA	1
AAATCCGTGCACCCCGT	1
GAATCCAGACAACATCA	1
TCATCCATACCCACAGC	1
TCATGCAGACCCTCAAG	1
TAACCAGTACCTAGGCT	1
GAAGTCACACATTCGCA	1
GCATCCACATACTTGCT	1
TACTGCAAGCACTTTTA	1
ACACCCACACCTGAAGT	1
AACCCCATACAGTGTTT	1
TCACCCAGACCTCCGTT	1
TCACTCAAACCCACTAT	1
GAGTCCATATACTGCAA	1
AAATCCAAAAACCTGAA	1
CCAACCATACCTTCGGA	1
GGGTTCAAGAATTCCTC	0
GGAACCATAACCTTCAC	1
GGATCCGAACATCTCCG	1
TGATCCATACCTAGCCT	1
GCATCGGTACACCATGT	1
GTAGCCATACCAACCAA	1
GCAGCCGAACCTCCAAC	1
GCATTCATGGCCACGGT	0
ACACCGGCTCCTTGACT	1
GCAACCAACCACATGGG	1
GCACCCATACATTATAA	1
ATACGCATAAACTCCTA	1
ACAACCAAACCCTGCTG	1
TCTTCCACACACCAGAT	1
GAGATGATGCCCTCCTA	0
AAGTCCAAACATCATCG	1
ACCACCATACCTCTAAG	1
TAAACCAGAGACTCCGA	1
GAAAACATACACCTATT	1
TCATCCATGCTATAGTA	1
TGAGCCGCACCCTTCGT	1
AGAGCCAAACATTTCAC	1
TCGTACATATACTTCAA	1
GTCTCCAGACACTGCTC	1
GAAACCATACACTTTAA	1
TTACTCGTGCACGCAAA	1
AATCCTGCACAGTTCAT	1
ACACCCAAGCACACAAC	1
ACACCCATACATCATGA	1
AGCCACAAACACTTTTA	1
TGGCCCGCGCAGGTTCG	0
TCGGCCAAAAACCTTGA	1
GCGATCGTACATTTTGA	1
GATCCCAAGCATCACGT	1
TAACCCAAGACCCCATT	1
ACATCGTCACAATTCAT	1
TCTTCCATGCATCGCCT	1
CGGACCATTCACTCTAC	1
AGCTCCATATCCCTTAA	1
ATGTTCATACAATTCTA	1
AAACGCACAGACTTGAT	1
ATATGCATACATAACTA	1
ATATCCGCGAACCCCAA	1
CGGTCCCTCCACCTGAA	1
GATACCATACACCAAAT	1
GCCCCCATTCCCTTAAG	1
AACTCCGCACGTTGCTT	1
GCATCCGGGCACGCTTT	1
GCTTCCACTCATTTTAG	1
AAATCCACATTCCTCGA	1
ACACCCAAACCTCCTTT	1
TCCTCCCCACACTACCA	1
TCAACCATACCTGCTAT	1
ACACCCAGCCGCCTCCA	1
GGATCCATCCAGCTCAG	1
GACATCATGCCTTCCGA	1
TGGTGCATATACATGGA	0
TCGGCCAGGGACTTGTT	0
ACATCCACACCTATTGG	1
AAACCCAGACATATTTT	1
ACACCCAAACAACACAC	1
GCGTGCGTCCATCTCGT	1
TGGTCAATGCACCACAT	1
GTAACCATTGACTCCGA	1
ACACTCATACATCCGCT	1
TGACTCAGGAACCCCTC	1
AGCTCCATTCACCAAGG	1
AAGCCCGTGCACCGCAA	1
AGATACAACCACCCAAA	1
GCATCCGTGCCTCCCAC	1
ACCTCCCAACACTACTT	1
ACTTCCACGGATCCCAA	1
ACATCCTTACATCTAAA	1
ACAACCAAACACAACTT	1
GGCTGCACAAATCCGAT	0
AAAGCCGCACACCTCCC	1
ACAAGAGCATAACGGCT	0
TAGTCCGTACAACATTA	1
TCAACCAAGCTTTCGAA	1
AGAGTCATAGACTTCTT	1
TGCGACAAGCCCTTGGC	0
GAACCCAGCTACCTGGG	1
CCATCCGTACCTCTTTA	1
AAACTCAAGCCTCCCAA	1
GAACCCAAGCTCATTGA	1
GCAACCACGCAATACAT	1
ACATACATATATCCTAT	1
TAGTCCATAAAACCATA	0
TCGTGCATGCCTCTTAA	1
ACATTCAAACCGCTTAA	1
TAGCTCGTGCATTTCAG	1
GCATCCACAAACGACCC	1
GTATTCATGCCACTCGT	1
ACACCAGTGCACCACAT	1
ACATCCATACACCCTCT	1
TCACGCATACAAGCGAA	1
GGACCCATACGTAAAAA	1
GCCACCATACGTTACCA	1
GGGTACATTCACCTTGG	1
GCACCCCTGAACCTAGC	1
TAACCCGGACCTCCATT	1
ACACCCGTACACCACCA	1
AAATCCAACAACCTGAT	1
AAACACACAAACGCCAG	1
ACGTACATAGACCCTTG	1
GTGTCCATGACCTTAGG	0
ACCCACATATATCTCAA	1
GAACACGTGCCCCTCTA	1
TCACCCAGACATTTTGT	1
ACATCATTACCTCAACG	1
AAATTCAAGGACACCGG	0
GCGGCCACAGACCATAA	1
TTCTTCATACACTAGAG	1
TGATCCATACAGCACCG	1
CAATGCATACACTCGGA	1
TGCTCCATACAGCATGT	1
ACATCCGTACATTACGC	1
TAATGCAAACACAAGGG	0
AAATCCGCTCATTCCTT	1
GCGCCCATACAGACACT	1
GTTGCCATACACTATGT	1
ACGCCCATACGTATTTC	1
GGTCCCAAACATCAGGG	1
GCTGCCAAGCCCTACGC	1
GGGAGCATGCACCAGAA	1
GAGTTCAAAACCTTGAG	0
AACCCCATGCATGCGAT	1
AAACCCGCACATCACAT	1
ACAGCCATTCAACTCAG	1
TCGACCATGCACGTCCA	1
ATACACATACCCCTGAT	1
GAATGCATACATATGCG	1
GCATGCGGATACCTAGC	1
TCACCCATACATACCAC	1
TCATCCAGACCATCCAA	1
AGAACCATACAGTTTGT	1
AAACCCTTTCATTTACT	1
AAATACAAACAACTTCT	1
AAATCCGCTCACTCTAT	1
TGATCCTCGCCCCACGC	1
GACCCCAAACACAACAA	1
TAGTTCCAACCCTCCGC	0
GAACTCATTCATGCGAA	1
TGGCCCATACTTCTTAA	1
ACACCCAATCATTTTCC	1
ACTTCCATACCCTGCTG	1
GCATACATATATACCAT	1
GAACCCGTCCATTGGGT	1
GAGTCCATGCTTTTGAA	1
GCATGCACTCAACTGAA	1
ATACGCATACAAATCAA	1
ACATCCATACACCATAC	1
AAACCCATACATCGGGA	1
GGCTCCAAACAAGTCGG	1
TCATCCATCGACTAGTA	1
GAATCCAAACACCCTTG	1
AGGTCCATCCCCATTAT	1
GAAACGATACACCTGCA	1
TCACCCAAACATAGCAC	1
AAGTCCATCCATCCAAA	1
TAACCCACACAAAACTT	1
GCACCAATACCCCATGT	1
ACACCCAATCACCGCGC	1
ACACCCATACATATTTA	1
AGAGCCAAACCCTCACA	1
AGCTTAATGCCCTCGCA	0
CGATCAATGCATTCCCA	1
ATACTCAAACATCTGCA	1
CATTCCTTACCTTGAAT	1
AAACCCAGACATCATTA	1
AAATCGAGACATTTCGA	1
TGCCCCACACACCTCGC	1
ACACCTGTGCACCGCAT	1
TCATCCAGACACATTCT	1
ACTTCCACAAACGTCAC	1
GTCTGCAGACATCTCAC	1
TCATCCATAAAGTTTTA	1
ACATCCTCACACCACTA	1
GAATTCACAGACTCTGA	1
TCACCCACGCATTACCC	1
AGATCCAGGCACCAGGA	1
GGGCCCATAAAGTTGTG	1
TTACAGATACACTCCGG	1
AAAACCAGGCACCAAGG	1
GCCCCCGCTCACCTGGG	1
GCACCCAGACAACTACA	1
AAATCAGTACATGCCCT	1
ACACACATACATACATT	1
ATACGCATACACGGGAT	1
TGGCCCAAATCCTACGA	0
GCAGCCACACATCAAAC	1
GGACCCATGCACCACAT	1
ACCCCCAACCCCCCCAT	1
TAATACAAACATTTGTA	1
ACCCCCATCCACAGCAG	1
CCCCCCTGTCATCTAAG	1
GGATCCAGGGCTTCTAC	1
AGACCCATACAGCGCAT	1
GGGTCCAAATACGCTTC	0
ACACACACACACGTCTA	1
GTCTTCAAACACATTTC	0
TCATCCAACCCCAATGC	1
GTCCACATACACCTCTC	1
AAATCCAAACACAGTTT	1
GGGTCCATACTCCTGGG	1
ACACACATACATCTACA	1
ACCAGCATACTCTCCAT	1
GGTTACAAAAACTTCAA	0
TACGCCACACGCCCGAA	1
TCAACCATCAATTTGAA	1
AACGCCATGCATTTCCC	1
AGATCCAAACATTGTAG	1
GAACCCAATCACCGGAA	1
GCATACAAACAACTCAT	1
CCGACCACACACTTCAG	1
TCTCCCATACCATCGAA	1
GCGTCCAAGGATGTTGA	1
ACACCCACACCCGCTCC	1
AACCCCGCTCGTTGCAG	1
GAATGTATACACGTGAC	1
TGTTCCATGGACTCATG	0
TTGTCAAAACACCCCAG	1
ACGTCCATAAACCGTAA	1
ACATCTACACACTATTT	1
AAAACCATAGACTTCTC	1
ACCTTCATCCAACTCAT	1
TGACCCGTATCCCCAGA	1
TTCTCCGTAAATCCCTC	1
CAACCCGCTCATAGTAT	1
CAACCCAAGCCCTAGAG	1
ACATCCATAAGCTTATC	1
GAATCAGCACCTAGTAT	1
ACATGCACACACGCATT	1
CCCTCCAAACCTTTCCT	1
GAATTGATGGACTCCAC	0
ACACACACACACATATA	1
ACATGCATACTCCTCAA	1
GGGCACACACATTTGTT	1
AAATCCAGATATAAACT	1
TGGTTCATGACCACCAT	0
GCAGCCAAGGATCTTAA	1
GCGCTCATGCCACTGAT	1
TGGTACATATCCTACGG	0
TGGCTCACAGATTCGAC	0
AAATCTTTTCCTTGCAA	1
TCATCCTCTCGTCGTCT	1
ACACACACACAGACGGA	1
TACCGCATACATTCGAA	1
TCCCCCGTGCCTTACCA	1
TCGTCCATACATGACTC	1
TGCTCTATGAATCCCAA	0
AAATCCAACCATCGAGT	1
TTGTTCATACATTCTTA	1
GGATACATGCATCTTAT	1
GCATTCAAACTCTAAAA	1
AAACCCAAACAATTGTT	1
TAAGCCAAAGACACCGG	0
ACACGCATATCCCAGTT	1
AACTCCGTGCACCACAC	1
TCATACATACAAGACAT	1
AGCCACGTAAACCTCAC	1
AGTTCCGCACCACTGAC	1
TCACCCGTACATTTTTA	1
ACACCCACACCCACCCA	1
GCTTGCAGACATCACAC	1
TGGTCCATACAGTAAAA	1
ATCTCCATACAATACCA	1
AAGCCCAGTCCTTTCAA	1
TTATACGTACATTTGGC	1
ACAAACATGCCTCTGGA	1
TGACAGAAGCACCACTC	1
TTGTCCGTACCCTTGGC	1
AAGCACATCCACCTCAT	1
AGATCCAAACATCTCAT	1
TCCCCCAAGAACGTCGA	1
ATACCCTTACCTGATTT	1
ACACCCAATCATCATGA	1
TCGCCCAGACATGCGCC	1
ACATCCACCCACCCGTC	1
AAATACATGCATGTGTT	1
ACATCAACACCTCAGTT	1
TCATTCGCGCATTTCAA	1
TAGACCACACATCTGCT	1
AAATCAGTGAATCTTCT	1
ACATGCACGCCTTGCAA	1
TCACTCAAACATCAAAA	1
ATCTTCATACACCATGG	1
TACTCCAGACATTTACT	1
TGCTCCATACATACAAT	1
AAATCCACCCTCCCGTA	1
GGGTCCATATCATCGCC	0
ACATCCTTCCATGCCCT	1
ACATCTATACATGTGTA	1
AGACCCAAGCACTTTCG	1
CAGCCCTTACATTTCAG	1
GAACCCTGACACGAAAG	1
AAACTCAAGCACATGAT	1
GGAGTGGTACACTCCGC	1
TTACCCAAACCTGTGGT	1
ACACCCAGACCTGCAGG	1
TGGACCACACATCTTAT	1
ACACCCATGTACCGAAA	1
AACCCCATACATCGCCA	1
CAGTACATACCTCTCAT	1
CCTCTCACGCACCTGAA	1
GCGTACGTACCCTTGTG	1
ACACACAGATACTCCTA	1
GCAAACAGACACGTTAA	1
GTACCCATGCATATTAG	1
ATACCCATACCGTACTG	1
ACATCCGTACACAAAAG	1
ACATCCGGCCATCGCGC	1
TCGCCCATTCATCTGAC	1
GGATCCGGGCCTCTTCT	1
TCATTCATAACTTTCAT	1
CCACCCTTAAATAGTAT	1
AAGCCCACCCACTACAA	1
GACCCCAGACCCATCTC	1
TCGTCCATACATCATAA	1
AAGGCCAAACAACTCAT	1
ACACCCATACACTACAC	1
TCATCGCTACACGTCGA	1
GCTCCGAAACACCTAAC	1
CTATCCGTGCCCACCGT	1
TGAACCATTCATCAGAT	1
AAACCCACTCATATCTA	1
GCACCCATACCTTTTAC	1
ACGCCCATACAGAGCAA	1
ACACCCATTCATAGCAC	1
TCAGCCATAACCGTGAA	1
TGTTCCATACATTGCAG	1
ACGTACACGCATCAGAA	1
GCACCAGTACACCGCAC	1
AAAACCAGACCCTTTAC	1
GAATACAAGCACCCTAT	1
GAGTCCAGGCACATAAA	1
ACGACCATACATATCAC	1
GCCTTAGCTCAAGTTCC	0
AACTCCGTACATGCCCG	1
GGGCCGATGCCCCTGAC	1
TCCGCCATATACTCGAA	1
AGATCCGTACATCAGAT	1
ACGCCCATGTATCTGTT	1
GAACGCATACAAATGAA	1
GCACCCATACCGACAGC	1
TACTCCACCCACTCTTC	1
TCATCCATCCCCGCTCG	1
TCCTTCATGGATTTCAA	1
TCGTTCAAAAACAAGAA	0
TGGATCAAACACGCCAG	0
TCAGACAAGCACTCAAT	1
ACCTCCGAACACTAGAG	1
GCCCCCCTACACCCAGG	1
GCATTGAAACACTTCTA	1
ACATCCAAACTACTCCA	1
GGACCTAGGCACCTCAT	1
ATATCCAAGAACACGTC	0
ATATCTATACACGCGGC	1
GGGCCCAGACCTTGCAC	1
TCAAGCATTCCCTCCAT	1
CCATCCGCTCACCTGAA	1
ACACCCATACATGTTGA	1
GAGCCCACACAAATCCA	1
GCTTACATACACATCGC	1
ACCTCCAGACTCTTCCA	1
ACACCCACGCCTTTTAA	1
CAGAACATACCCCTGTC	0
TGACCCAGTCATTTCTT	1
TCACCCTTACCCATGGC	1
GGCCGCACACCCCTTAT	1
TGACACATTCACTTTTA	1
GCACCCAGATATAAAAC	1
ACACCCATTCACCGCAC	1
TAGCCCATACCCTACAC	1
GAACACAGACAGCTTGA	1
GAACCCATTCATCCTTG	1
GCGGCCACGGCCTCTGC	0
GCATCTAGACCCTGCTA	1
TATCCCACACCTCTTGC	1
GAATTCATAAATTCATA	1
GACTCCAAGCAGTTTAT	1
GTGTGCAAACCTTCGTC	0
GAACCCGGACAAAATCT	1
AGCCCCGGTCCTATTAT	1
ACACCCATACAACTCAA	1
TTATGCATGACCTCTGG	0
AAATCCAAGCATTATCC	1
AGGTTCAGGAACCTGAA	0
GGGGCCGCACACGTCCC	1
TCGTCCAAACACAAAAG	1
ACGATCAAACACCCTAT	1
TCTCCCAGATACCTGAA	1
TCGCACACACCCTCTCC	1
GGACCCTTGCCCATCAC	1
ACACGCACACATTCACA	1
AAGTCCCTGCCCATCAG	1
GCATCTAAACAACCCAG	1
ATAAAGGCGCAACTTCG	0
AAACCCAGAGAGCTTCA	1
GGCCTCAGACTCTCAAA	0
ACAACCAAAAACCTAAA	1
GGACTCATCCACGTTAA	1
GGGATCATCCACCATGA	0
AAGCCCACACCTGCTCC	1
CAATCCAAACACACAAA	1
TCGCCCGGACATCACCC	1
ACATTCATATACTCTAA	1
GCGCCCGGGTATTTAAC	1
AAGTCCGTGCCTTTGGT	1
CCACTCAGACATTTCCC	1
AAACCCATGCAATGGAG	1
AAATCCATATTCCTGAC	1
CGAACCGCACATTGTGG	1
TCACCCATACTTTCTGA	1
GAGCCCATTCACAAAGA	1
AAAAGCACGCATCCGGC	1
AGAGCCAAGCCTTTCTA	1
AGAGCCAAGCTCTTGGA	1
AGCTTCATTCTCTTCGC	1
TCTTCCAAGCATTCAGA	1
GTTTCCAAACCTCCCAA	1
TCTCCCATACACACTCT	1
AAACCCAAACGCCCTCA	1
ACATTCATAAACACAGA	1
TGCTCCAAAAAGTCCAC	0
GCACCCGTGCACGTCAC	1
TCATCCATAAATTCGTA	1
ACACGCGTACCTGAAAA	1
TAACCCATACATTCGTT	1
ACATCTATGCACTCCCT	1
TCACCAATGCACTCAAC	1
GAAGTCATACCCTCGAA	1
ACCCCCACTCACTAAAC	1
GGGTGGGCACACCTCAA	1
TAACTCAGGCCCCTTTC	1
AAATCCATCCATCGGTA	1
ACACTCAGGCATTCTAC	1
TGACCCAGCCCCACCTC	1
GAGACCATCCACGTTGT	1
GTGTCTATACACCTGGT	1
ACGGCCACACAGTCAAT	1
ACATTCAGGCATTTTTC	1
TTCTCCAAGCACACTGT	1
AAAGCCATACTTCCGTA	1
AAGTCCAGGCAGCTCAA	1
TCACTAATACACTACCA	1
GCACCCAAACAGTTCCG	1
TCACCCCGGCACCGCCA	1
TGGCCCAAATATTTCTA	1
GAATCCAGCCCTTTCGT	1
TCATGCAAGCCATCTGA	0
TACTCCACACACCTCTT	1
TGACCCATAGCTCCCAT	1
ACACCCAAACACTGAAA	1
TTATCCAAGCCCAAGAA	1
TACTCCCCACACTTCAG	1
AACTCCATGCATGCTAC	1
AAATCCATAAACGTATA	1
TCCGCCATTCAATCCGC	1
ACATCCATACCATCTAT	1
GCACCCCAACATGCTAC	1
TCCTCCAGACAATTTAT	1
TCCCCCCTGCATTCCCA	1
TCACCATCACACCGCGC	1
GGGCAAACACACCTGGT	0
GTATTCAAGAACTTGAA	0
TCACTCACACAAGCCTT	1
GCCCTCACAGACTTCGT	1
TCTTCCACACCTTTTGG	1
TCACCCAAGCTCTCAAA	1
ACACCAATACATTGGAT	1
GAAAGCAAAGACTCCGG	0
GAACCCGAACATAGAAA	1
GACCCCACAAATGTGAA	1
GCATCCAAACTTTCTGT	1
GCATCCAAGACCCTCCC	1
ACGACCAAAAACGTTAC	1
AAACTCATGCATTTTTC	1
ACCTCCGTACACCTTCT	1
AAGACCATAAACTACCC	1
GAGTTCAAACCTCTTGG	1
CAACTCATACCTTTGAA	1
AGACCCAGATACCACCC	1
AAAACCAAACATATCAA	1
GAAACCAAGCAGCCCAA	1
TCATTCACACAACTCCT	1
GAAACCAAGAATTCCAA	1
ACGCCCACGCACCCCAC	1
TAATCCATTCACCTTTC	1
GACTCCATGTATTCTGT	1
AGACCCAAACCTCTTCC	1
ACTCCCAAACACACACA	1
TCATCAATATACTTGAA	1
AAATCCAAATACCTTAA	1
GAATCCAAACTCCAAGG	1
TTGTTCATATCTTCCAA	0
TACTCCATACCCCTCAG	1
GAATCCATACCGCCCAA	1
TCAACCGTACACGCGGT	1
TCATCCATGCAGATTTT	1
AGAACCAGAAACCAGAA	1
ATATCCTTACAGAGAAT	1
TAGCGCGCACATTCGAC	1
GTACTGGGACATCGCAT	1
ACATCCTGACGAAGTCG	0
GTCGCCATACACACGAT	1
ACATACAAGTACCAGGA	1
TCATCCACAAATTTAAC	1
TCATCCAGAGCTTTCTA	1
GGGCGCAAACCCTCAAC	1
AAACCGATGCATTTGGT	1
ACAGCCACATCCTCTAA	1
ACCTCCATGTACAACTT	1
GGATGCATTCACTCAAC	1
AACCCCTCACCTGGAAA	1
TGGGCCATAACTTCGTT	0
AGATCCGGCCATCGTCA	1
CAATCCATGCACAAAAA	1
GAATTAATGCATTTGAA	1
AAGTACAGGCCTCACAA	1
GGATACAAACGCCCTTT	1
AGTACCACGCACCACGA	1
AAAACCAAACACCTGAA	1
TGGCACAAACCTCTCGA	1
GGATCCAAACACCAAAA	1
GTGACCATGGACCTGTC	1
GCAAACATAAACGTCGT	1
TTATTCATTAACTTCGA	0
ACGTCAACAAACCTGGC	0
GCGCTCACTCCCTTCTC	1
AGACCCGGTCGTTTCAG	1
AAATCCGAACATAAAGC	1
TCAGGCAAACACCAAAA	1
CACTCCGTACACCACTA	1
TAGATCAAGCACGTGTA	0
ACATCCGAACATCGGTC	1
GGGACCATACATCAAGA	1
ACACCAGGAGAAAGAAG	0
ACATTCAAACCCTCGAA	1
CCAACCGTACATAATAG	1
ACCCCCGCGCACAAACT	1
GCGCCCATGTTCCTCAG	1
TGATCCCTACTCTTGAC	1
TCAACCTGACAAAGCAT	1
GAATCCATGGACCAAGA	1
AAATCTATACACCCTTG	1
ACACCCACATACTCAAT	1
ATGTACATGCAACTCAT	1
GTCTTCATGCACTTCCT	1
CTGTTCAAGCACCTCTC	1
ACGTGCACCCACCCCAA	1
AGCTCCAAACAAATCAA	1
TAATCAAAGCACTTAAA	1
TGGACCATTAACTTCGT	0
AGATCCAAAGATCCCAT	1
ACGCCCATAAATCGTCT	1
TAACCCGAACACTACCA	1
GAATACATACATCATAT	1
TCTTCCATGTCCTCCTA	1
AAATTCACGCATCTTTA	1
CCATCCTCACGTAAAGT	1
GAACCCACCCACGTTGA	1
TAACCCATGCCCTGTTG	1
ATCTACAGATACTCCGA	0
TTGTCCATATTCCTCGA	1
GCATCCATGCCTTAATA	1
AGACCCATAGATACATA	1
TGGTGCATATATTTAAA	0
TCGCCCTTACATTTGCC	1
AAAACCACACCTTGTAT	1
GTCGTCATACACTCCTC	1
TCATCAATGAACTTGAA	1
GGAGCCATACACGCGTC	1
TGATCCATATAACACGT	1
TAGCACACACACCTGTT	1
AAACCAAGACACCTCCT	1
TAATGCAAAAACTCCTC	0
CGATTCATACATTTCTC	1
AATCCCTGACGTCATCT	1
GGACCCACACATTACCA	1
ACGAGCACACACGACAC	1
CACACCGTGCACCCCAT	1
AAATCCATGCACTTTCT	1
CAATCCTTGCATTTCAG	1
TAACCAAAGCACTCCAA	1
GCGGGCATACAGTTCAT	1
GCATCGAGACCCCTTCT	1
GAATTCGAGCATCTGAT	1
ACCCCCACACATAGGGT	1
GAATCCATACGACCTCT	1
AAACTCATAGCCACCAA	1
AATTCCATGCACTATAT	1
GCACACATAAACTTCAT	1
ACATCGATGCCTTCACC	1
GCACCCAAACCAATCGC	1
AAATTCAGACATTCTGC	1
AGGTTCATACTCTCAAA	1
GAACCCAAGCCACCGCA	1
GAAAACAAGCACACGGA	0
AAACCCGTAGATTACAG	1
TGTCCCATACATCTTCA	1
AGATCCACACACATACA	1
GCATCCCTTCCCCACGT	1
ACACCCAGTAACCCTAT	1
AAATCCGTTCCCATCGT	1
AAGACCATGCATGATAC	1
CACCCAGGACATCATCC	1
GGACCCAAATCTCTTAA	1
ACATCCATCCAATCGTC	1
CCAACCATGCATCTCTC	1
GAATCCATCAACAAGAG	1
GAACGCATGCACACCAA	1
GAGTACAAACAAGTCGC	0
AAACTCACGGACTCGAG	1
ACTGCCATACACAATGT	1
TCTTCCAAGCATCTCAT	1
CCACCCACGCATCCAAA	1
TCACCCGTACATTTTAC	1
ACACTCATAAAATCCTA	1
ATACCCATGCCTTCATC	1
ACAACCACGCATAGATT	1
CAATCCTTGCACTTCAG	1
GCGTCCATATATCCGGA	1
TCATCCGTATATCTTTC	1
GCCTTCAAACATCTTAG	1
TCAATCAAGCATCTCAT	1
CAATGCTGACCTTGAAA	0
ACTCCCGGGCATTATTT	1
AGCTCCAAACCCTTTAA	1
TCAGCCATACCCCAGAA	1
ACGCCCTGCCATACCAG	1
GAATCCGTACAATCAGT	1
GACTCCATATCTCCGGA	1
GCGCCCAGGCCCTCTCC	1
GTACCGATACATCCTCT	1
AAATCGATGCACATGAT	1
TCCTCCAATAACTCGCT	0
GGCTTCATACATAATAA	1
TCAACCAAAAATGCGAA	1
GAAATCATACCCTTCAT	1
CCATCCGTGCTCTACCC	1
GCGTCCACGCGCTTCTG	1
AGGCTCATATACTTTAT	1
TGATCCATTTACCTGCA	1
TTCCCCACGCCCTATTC	1
GAATCCCGACATGCCAC	1
AAAACCATCCATCCTGT	1
TGCTGCGTACATTTCAA	1
TAATCCGTACACCGCGC	1
CCCCCCGCACCTAGCAG	1
ACACACACACACGCATA	1
TACTTCATATACCTGTA	0
GTAACCACACACTCTTT	1
AAATACATACATATCTT	1
TCGCCCTCACATTCCAA	1
GCATCCAGACAGAACAG	1
GGCTACAAACACATTAC	1
TCAATCACACAACCGGG	1
GCGTACGTGCCTCTCAA	1
AAACCCGCACCTATCAA	1
AGACGCATTAACCTGAC	1
GAACCCACTGACCACTA	1
ACACCCGTTCCTCTCAC	1
AAATCCAAATACGTTAA	1
AAAGCCATATATCCCAA	1
ACACGCACGCAGCCGCA	1
ACACCCATACACTATTT	1
GCAACCATACAGTACAA	1
TATCCCAGACATCAAAT	1
CAGTCCTAACATCGAAT	1
GAGTCCATGCCACCGCT	1
CGATACATGCCCCACCT	1
GGCTCCGAACCTATCAA	1
AAATTCATACCCATCAT	1
AGATTCACACCCTCTTG	1
TGACTCCTCCACTTGAA	1
ACACCAGCACCCAAAGC	1
CAATCCCAGCCTTGACG	1
GAACCCGTACAACCGAC	1
GAATCCCCACACCTTCC	1
AGCTTCAAACACTTCTT	1
CACCCCATCCACCTTGA	1
GCACGCATAAATTTGGC	1
AAACCCTTGAATAGCAC	1
CCACCCATACACCCTCA	1
GCACCCACACATCGCAT	1
TCATCCAAATCCCTCTC	1
TACATCAAGCACTTAAA	0
AAAAGCATACCCCGCAC	1
AGACCCAAACATTTTTA	1
AAAGCCGGACACGCCAT	1
CAACACATACCTTACAA	1
TCATTCATACAGGAGGA	1
AATCCCAAACACGCCTT	1
GAATCCTTGTCCTCCAA	1
GAATACATACATCTAAT	1
GCGCCCTAACATCCGCA	1
AAGTCCACACCTTTTTT	1
TGGCGCACACACCGTGT	1
TCTTCCATACTTCTCTC	1
ACAAGCAGACACGTGGA	1
AGGCACAAGCAACTGGC	0
TCATCCATACGCAAGAC	1
TCACCAATGCCCTTAAA	1
GGTACCATACCCCTCGG	1
TCCACCATAGACTTGGC	1
ACGTACATATACATCAA	1
CCGCCCGCGCCTTGCCT	1
ACTTCCGGACATTTCCT	1
TGTCCCACACATCCGGG	1
TAGTACATACAAACTAA	0
GAATCATTACATCGTAT	1
ACACCAGTACCCGAAAT	1
AGATCCTGGCATCCTAT	1
AAATCCGGATATAAAAG	1
GCACTCGCGCCCTTTAA	1
TGGGCCATATACACTAA	0
GCGTATATATACTACAA	0
CAATGCACCCACTTCAA	1
GAACCCATACATTACTT	1
GCAGCCGCACATCCAGC	1
TAGTCCACACTTCCAAC	1
ACATCCGTGCTTCGACA	1
GAATCCTTGCCCATCAG	1
GAATCCTTGCCCGTCAG	1
GCACCCCCGCCCCTAAC	1
CCATCCATTCCTTTCAC	1
TCGGCCACACCGCTCAT	1
ACACCGTTATATCGCAA	1
GCATGCGTACACGTGTG	1
AAACCCGAACATCGGTG	1
AGATTCACGCCCGTGGT	0
ACACCCACACCCCTCAT	1
TGGTACATAGACTTGAC	0
TCTTCCATAAATCCTGT	1
TCACCCATACCGTCATA	1
AAACCCATACAATATAT	1
TCTTCCATGTATTCCGC	1
GAAACCACATATCTCTA	1
AAGCCCACTCCCGTCTC	1
AAGCTCATACAAACCAA	1
CAACACACACACGTTAA	1
GCAATCATACAACTAGC	1
GTATCCTGACCTTACTT	1
CAATCCTATCCTTTCAT	1
GCGCCCATTCAGGTCTC	1
GAACCCAGAAACGTTTG	1
TGGCACATACCCAACGC	0
TGACTCATCCACCACTG	1
GAGAACGCACATCCCAA	1
GCATCCAAAACTCTTCT	1
ATACGCATACACCGCTT	1
TCCTTCATAGCCCTTTC	1
GCGCCCGCACACCCACC	1
GCCTCCGTACCCTCACA	1
AAGCCCATAGGCTTCGT	1
AAGGGCAGACACCACTG	1
GCATCCCCCCACTCAGA	1
GGATCCATACGTACAGC	1
ACGTGCACAACCTCTGG	0
GTTTCCGCGCACCTTTT	1
GTGTCCATTCACTCATA	1
GTGTGCATATCCTCGTA	0
ACATGCGTACACAAAAA	1
GTATCAACACACCAGGT	1
TAACCCACACACCTCTC	1
AGATCCAGACACTCCTT	1
GCCCCCACACGCCATGT	1
ATATACACATACTCCAA	1
GCAAACACACCCGCGAT	1
CACCCCGAACCCAGTAT	1
GCACCCACACACAAGCT	1
AAACTCATACGCACCGA	1
AGCCCCATGTATTTGAA	1
AGGCCCGGACACTATAC	1
AAGCTCACACATACGAT	1
ACGCACATACCCACAAT	1
ACAAGCAAGCATTCCTT	1
TCGTACAAAGACCTCTC	1
TAGGTCATACCCTTTAA	0
GTGTCCTTGTACTTCAA	1
ATATCCAAACACTACTT	1
CAACTCAAACACTCAAC	1
AACTACAAACACCAAGC	1
TGTCCCAGACCTTCCTC	1
AAATCCATATACTATAT	1
TCAGCCAAACACCTTTT	1
GAGCGCACCCACCCGAG	1
TCATCCACACACCGCAT	1
ACAACCATGCATGTTCC	1
TCACCCATAAAGCCCAT	1
AGCCCCAAACCTGTTGC	1
GGGCCCGTGCCTTCGAC	1
GCGACCGTACATGTGGC	1
AACTCCGTTCACTATGA	1
ACACCCATACCCTATAT	1
AGACCCATATCTTCGTC	1
TGATGGATACCCATTGA	0
GCACCCGTGCATATTGA	1
AAATTCAAACATCTTTG	1
AGATCCAGAACCCACCA	1
GAGTCCACACAGGAGGA	0
AAACCCACGCCACCAGC	1
GGGACCATGAATTTGTC	1
TAAACAATACACTTTAA	1
ACGTTCACGCCTATCAC	1
TAATACATACAACTTAG	1
AAGACCAAACAGCCCAT	1
TCAACCATTCCTTACAT	1
AAATCGTGGCATTGTCT	1
GCCTCCAAAGCCCTTCT	1
TTGCCCATACATTCAAT	1
CCATGCAGACACTTTGT	1
AAACCCATACAATAGCC	1
TAATCCTGACACCACAT	1
CAGCCCATATACTATGA	1
TCCTACATCCACTAGAA	1
TGGATCAGACACTTCCA	0
ACACCCAGTCATCCGGC	1
GACTCCACATACCTATT	1
GAATACGAGCCCCCTAA	1
GAACCCATTCACCGGAT	1
ACACTCACACACTTTAT	1
GCCTCCATATACTGGTA	1
CAATCCATACCGTTCTA	1
AGCTCCATTCAATCAGA	1
AAATCCTCACCTGGCTC	1
TGAGTCAGGCACTACCA	1
ACGTCGACGCACGCGAT	1
ACATCCAGGCAGTTTAG	1
GCACACACACACGTTTT	1
TAGCCCATACAACCTGA	1
GGAACCACATACCTGCT	1
GAAAACATACATTATAA	1
ACATCCATACTTTAAAA	1
GCAGCCGTGCGCTTCAG	1
AGACCCATACATCTATT	1
ACAAGCATCCATCTGGC	1
TCATCCACACCCTCACC	1
GAACCCTCACAACCAGC	1
ACGGTCACGCATCCGCA	1
GCATACATAAATTCGGA	1
TGACCCATACATTTTGG	1
GAAACCACACCTTTAAA	1
TCATTCATAAATCCACT	1
GCCCCCAAACCTTTACA	1
GCACACACCCACTTGCG	1
ACGTCCATACTGCTTAG	1
AACTCCGTACACCCGGC	1
ACCCTCACAGATTTCGA	1
TAGTCGATAACCTCGGA	0
AGAACCATCAATTCCAA	1
CAGCCCAAACACTGTCA	1
GGGCCCAAACAGCAGAA	1
TAATGCTTACATCGTAT	1
AAACGCGTACACAGGAA	1
AACTCCATGCATTATTA	1
TCATTCACAGACACGTT	0
GAAACCTTACCTGGAAC	1
GGCACCATACATATCAT	1
GCAGCCATCCACCCCTA	1
CCAAGCAAGCACTACGT	1
TCCTTCGCACATTTCAA	1
GGACGCACACATCCACT	1
GACTCCATGGCCAAGTT	0
GAATCCAAACCCTTCAC	1
ACACTCATGCCTTCCAC	1
TATTACATACATTTTGA	1
GCAAACATAGCCCTGAA	1
AAACCCGGACATTCCAT	1
ACACCCATATCGCTTGA	1
AAATACAGGCACTTTTC	1
GGCTTCATACACTGTAT	1
AAATCCATATCCTCATA	1
TAATCCGTAGACTCCCA	1
ATACCCATGGACCTGCG	1
TAATCCGGACCTGATTT	1
AAACCCTTTCCCTCTGG	1
AAATCCATCCAATTGGT	1
GAAACCATACCCTTCGG	1
AACTCCACACACGAAAG	1
ACTTCCATGAATCTTGC	1
GCACTCAGACACTGCTA	1
TCGCACACACAACCTAA	1
TCTTCCAAGCACCACCT	1
GGTTTCAAACCCGAGAA	0
GAGCCCACACCCATTGC	1
ATGCCCATACATCGTCC	1
CCACCCTGACCATTCCG	1
AAACGCAGAGACCTCTT	1
TCCTCCAGGCATTTCGT	1
ACTCCAAGACATGGAGA	1
TCCTCCACGAACTTCCT	1
AAACGCATACATCCTCA	1
GATTCCAGACATGTCTC	1
TCCTCGAAGCACTATGA	1
TAGTCCTCACACTTCTA	1
GAAATCATAAATCCCAA	1
TAATACATGTACAAGGC	0
TGGTACAGGCACAACTA	0
AGACCCATACATCACAA	1
TCAACCACAAACTTTGA	1
AACTCCAAACATAATAA	1
ATATCCAATCACCGCAC	1
TCAACAACACACTCTGC	1
ACCTACAGGCAGTCCGA	1
TGATACACACACTTTCT	1
AAACTCACGCAGCTCTC	1
AGACCCACACACCGCAT	1
ATCTCCAAACACCGCCA	1
AACCCCCTACACCAGCA	1
AAACCCAAACACCACAT	1
GGACTCAAAAATCCCAA	1
AGGCCCAATCACCTAGT	1
GGGTCCACAGACATTAT	1
TAATCTATACATCCCGC	1
TAGTGCACAAACTTGTT	0
TTATACACGCACTTCTA	1
AAATCCGTACATTTTGA	1
ACATACGAACACCAGAA	1
AAATACATACAATTTAG	1
CCACCAGTGCATCATCT	1
AGACACACACACACAGT	1
ACATCCGTACACATGTG	1
CATTCCACACCCCGCGT	1
GAATCCGCCCATAGGCA	1
TTCTCCATTCCTTCCCC	1
GGACCCAAAAACTTTGC	1
GCCTCCATATATCCTTA	1
AGATCCATGCAAGAGGC	1
GCAGCCATAAACGATGA	1
GCACCCAATCACCACCC	1
GCTTCCAAAAACCCCAT	1
TCGTCCAAGAACTCAAA	1
GAGACCATACAGCTTCC	1
ACGTCAATAAACTCCAA	1
GCAACCATGAATCGCAC	1
TAATCCAAGCTCTCTAA	1
AAACCCAGATATAGAAG	1
TAAGTCATACACGTAAT	1
ACATCAAAACATTCCCA	1
TCAGCCAAAGACTCATC	1
ACGTCCGCAAACTCAAC	1
GCACACGTACACACTTC	1
GCATCCGTGCATTTGTG	1
GCGTCCACACCACCTCA	1
TCTTCCATTAACTCCCT	1
TTATGCATTAACTTGAA	0
TCGTCCTTAGACTTGAA	1
GTTCCCGAACACTCCTC	1
ACATGCTGGCATCGAAG	1
GCACGGAAGCCCTTGAA	1
GCCCGCACGCATTTCCC	1
TGATCTAGGCACTCTCA	1
TGATACAAATACTTCTT	0
TCACCCAGTCATCCAAC	1
CCACCAGGACATTTCCA	1
TCAAGCGTGCACCTTCA	1
TCGCCCACACGTTCCCT	1
GGAAGCATGCCCTTTGT	1
AGCCCCAAAACCTCGTT	0
TCCTCCAGGCCCAATTC	1
GCACTCACACCCACTTT	1
GCTTCCAAGAACCTTTA	1
TCACACAAACACCTGTA	1
AGGTCCAAACACCGTCT	1
TCGCTCATATTCTCCAC	1
CAGTCCATGGCCTTTGA	1
TTATCCAATTACTTCTA	1
CCATTCAGACCTCTGGT	1
AGACGCAAAGACCTTGC	1
GAACCCGCGCCTCCGAA	1
ACACACACACACATAAA	1
GTAACCATACACTTTTT	1
ACACCCGGCGATAGCTT	1
GTATGCATACATATGTA	1
AGCCCCTTGCCCCACGC	1
TCTGGCAAACACCACTC	1
AAAACCATTCCCAACAA	1
GCATCCGTACATTCTAT	1
AATCCCGCACCTTGGAT	1
ATGTTCAAACCTCTGAT	1
AGATTCAAGCCCTCTAC	1
AAATCCAGATATCACAT	1
GGGTCCAAACCTATTAA	1
GTTTCCATTCACTTCAC	1
ACCTGCAAACAGCAGAA	1
CGGCACAAACATCCCAA	1
AGGGCCATATCCTCGAG	0
TCACCCATGCACCATTG	1
GAGGCCGCACACTAAGA	1
GTGTTCATAAACGTGGT	0
AAGTGCACAAATCCTGC	0
ACGCCCATTCCTGCCAA	1
GCATCCATACATGAACA	1
GCGGCCATGCTCGCTTA	1
TGATTCATGCGCATCTC	1
AAGCCCATGCTACTCAA	1
GCGCCCGAGCACGTGAT	1
TGATCCAAGAAATCCCA	0
CAATCCATACATCGCCC	1
AAATCCCAACACCAAAA	1
AAGCCCATCCCCTGAAC	1
GAGCCCAAACAAAAGAG	1
AAACCCAAACATATTAA	1
GGATCCAAAGACTCTAG	1
GGATGCATATCTTCCAG	1
TACTCCGGACATTTTAG	1
TGTACCATGAACCCCAA	1
GCATCCACACCTGGGTA	1
AAATCCATGCCCACTTG	1
TCGTCCGTGCAGCTCTC	1
TCACCCAAGCATATCCA	1
TCGTCCACGTACGTTAC	1
CCACGCATGCTCTTCCC	1
TCCCCCAGACACCACCT	1
TTATCCATAACGTTCGA	1
ACTCCCATATACACCAT	1
AAGCACACAGACCCGAC	1
ATAATCATGCACTTATA	1
GCCTCCAAACAATTACA	1
ACGCCAATAAACTTCAT	1
GTAACAATACCCTCGAA	1
AAATCGTTGCATCGCTT	1
ACACCTGTACATCTTCA	1
GCACCCGCGCCTTCCTC	1
TAACACATTAACTCGAA	1
ACATCCGTACCTGTTAT	1
TTGTCCAACAACTCGTA	0
GAGTAGATACACCCTAG	1
TACTCAAGACACTCCTG	1
ACGCTCAGACATCTACA	1
TCACCAAAGCATTGCCC	1
ACATCCGCACATTTTAT	1
AAACCCTGACACATTTT	1
TTACCCATACCCAAAAC	1
CACCCCAAACACCCTGA	1
TAACCCAAACACCGAAG	1
ATCTTCATACACTTCAT	1
AAACCCATACACAATGA	1
GCGGCCGCGCACGTGAC	1
ACGCCGAAACCCCCTCC	1
AGGACCATACAATTCCA	1
TTATGCATAGCCCTCTT	1
TTACCCATTCACTAGGA	1
GCACCCGTCAACATCGC	1
GCCTTCATGCCTGCCTC	1
TCGTGCAAGGACTTCTC	0
GTAACCATACGCTCTAA	1
AGACGCAAACATCTAAT	1
GGATTCCTACATACCCA	1
ACACTCATACAACACCT	1
AAAATCATACATTTCCA	1
GGGCCAATACTCCCGAT	1
TGATTCACACACGGTGC	0
GCAACCAAACACCTCGT	1
GTCCGCGTACACTCAGA	1
TGATCGAGATCCTCCAA	0
AATTACACGCACCCGAT	1
TATCCCTTGCCTCGTCT	1
GTACCAAAACACCCCAT	1
TCATTCATCCATTTCTT	1
AGACCCTCACGTCGCGA	1
TCATACATTCCTTACAA	1
GAAGCCATAAACGCTCC	1
TCATCCATGCACCAATG	1
GCACCCAGATATTTCAC	1
AAGTACAAACATTTAAC	1
AAATCCGAACCTCGGCC	1
AGGTGCAATCACACTTA	0
AAATCCATAGACAGCAT	1
ACTTCCACATACTTGGA	1
ACACCCATGCATCATTC	1
GCGTCCAAGTCCTCATG	0
ACACCTGTACCTCCAAA	1
TTGTCAAGACACTCCGG	0
ACATACAGGCATTCCTC	1
GCCTACATATATTTCGT	1
CCTTCCATACACACAAC	1
TGTTCCGTACATCTCCA	1
TAATACAGACACCATAA	1
AAATCCGGAAATAATAT	1
ACATACACACATTTCCA	1
TAACCCAGACATGATGA	1
TCCCCCAGGCCTATCTT	1
ACATCCGAACATTTCCA	1
GAACCCAGCCATACCTA	1
TGAGACATACTCCACAA	1
AAAGCCAGACACATCTT	1
TTGCCCATAGCTCTGGT	1
AAATCCGTGCCTGAACC	1
TAATCGACACACCGCCC	1
AGAACCATGAACTTTAG	1
ACTGATGCGTAACTTGT	0
AAATCTGTACCTCCCAT	1
CCACCCGAACACCTCAC	1
AAAACCAAACAGCTCAG	1
GCACACGCGCATTAGAA	1
CAAACCATACATAGCAA	1
AGACCCGTTCACATCTT	1
GTCCCCATCCATTTCAT	1
ACGCCCATGCATACTTC	1
TACCCAATACCCTCTAC	1
AAAGCCGTGCATTTTAC	1
GAATCCAAACAACTCAA	1
AGGTCCAGACACTTTTT	1
TCAGGCACAAACTCCGC	1
TGACCCACACATTTTTG	1
GTGAGCATCCACCTCAA	1
AAATCCTTACAAAGAGA	1
ACACGCACACACCCAAC	1
GGACCCAGGCATAGTAC	1
GGACCCGGACCTACAAA	1
GAGCCAATGCATTTCAA	1
ACACCCATACAAACCCA	1
TTCTCCACATACCTCGT	1
ACAGCCAAAGACCCAAC	1
ACCCTCATAAACTTCCT	1
ATGTCCATACAATGCAT	1
AAACCCAGATATCGAAC	1
ACGCTCAAGCATCACAA	1
GGATCCGTACTCTCCAC	1
TTGTCAAAACACTCCGG	0
AGCTCCATGCACCAGCT	1
GAGCTCGCTTATCTTAA	1
ACACCCACATCCCACAG	1
AACCCCATACATACACT	1
CAACCAATACCTCTTAT	1
GCATCCACACCTTTAGC	1
GGACCCGAACACCTTGA	1
ACATCCAGACATCCTAA	1
CGCTCCGTGCACGACGA	1
ATAACCATGCATATCAC	1
TCGTCCAAACAACGCCA	1
AAATTCATGCACTTTAT	1
GCGCATATACACCTTGT	1
ACGTCCAGGTACTCAGT	1
CCATCCGTACATTTTAA	1
GGGTTCACAAATCTGGA	0
TTGTCCATACCGGACTA	0
AAACCCCTACCCCCTCT	1
AAATTCATGCATCAACC	1
GAATCCAAACATCTAAT	1
GATCCCAGACATTCTCT	1
TGATGCAGGAATTCCGA	0
ATACACGTACATATTTT	1
TCATCCGTATATTTTAC	1
GCTTTCAAAAACTTGAA	0
ACACCCACACACCATGC	1
GAGTCCGTGGACCCTGT	1
GCCTACGTACACTTCCA	1
TCCTCCATACATACATT	1
AAGTGCAGACACCAACT	1
TCATTCAAGCAGCTAAT	1
AAACGCATGCACGTATT	1
ACTTCCATATACCTAAA	1
ATTTCCATACACATTTT	1
TCATTCAAAAACCGCAA	1
TGATCCATCCATCAAGG	1
ACATCAAAACATAACAT	1
GTGCTCATCCTCCCCAA	1
ACACCGATGCACATTAC	1
GGATTAATACCCCTCGG	1
GCATCCATCCATGTTTG	1
TCTTCCATACCTTCACC	1
AAACCCATGAATTTTAA	1
GCCTCAAAACACAACAA	1
GTATCCATGGTCTCGAA	1
TGACCCAAAAACTTTTC	1
ACAACCAGACCTATTGA	1
AGATCCGTTCAGAGTAT	1
GCATCCGTGCCTCCTGG	1
ACATCCAGAAATTTCCA	1
ACGCCAAAACACTCCGA	1
ACACGCACACACCTATC	1
GCATTCAAGTCCACCGA	0
ACACGCACGCACATATA	1
TCCAGCAAACCCCATAA	1
ACATCCACAGCTCCGAT	1
TTACCCATCAACTCTTC	1
GGGTTCATAAACGTATA	0
AAAGCCGGACCTTTCAA	1
AGGCCCATGCATTTTAT	1
GAATCCAAGCAATTCAT	1
GAGTGCATGAATCTTAA	1
TCCCCCATGCACACCAT	1
AAATCCAAACAGCTCGC	1
GCATCCAAACCTTCCCC	1
TTACGCATGAACTCGTA	0
CAGTCCATACTTCCCGA	1
TCATTCACACAAATCAT	1
GCACCCAAAAACTTGAT	1
TAATGCATCCACTCCGG	1
GCATCAATGCACCGCCG	1
ACATTCTTACACCATAC	1
TTATCCAAACTTTTGGA	1
GAATACGCACACTCGAA	1
ACAACCATACATACAGG	1
ACACCCATACAACCAAG	1
TCATCCAGAGATCTTAC	1
AAATCCAAAAACTTTAC	1
TCATACAGACATTTGCT	1
ACCTCCAACCCTCCTGA	1
TAACCCTTACCTCACGA	1
TCGTCTATAAACTTCAA	1
CCACCAGAACCTCTACA	1
GCATCAAATCACCCCGG	1
ACGCCCATTCATTTTTT	1
GCGCTAACGCACCTGGA	1
CCACGCATACCCACTCT	1
ACAGACAAACACTCTAA	1
GCACCCAAAGACCATCT	1
TCAGCCACACCGTAGAC	1
AGAGCCAAGCATTACCA	1
GGACCCAAATACTCACA	1
CGCTCCAAGCACCATTT	1
CCACGCAGGCCTTACAA	1
GCTTCCACACATAATAA	1
ACATTCACACAGCACCC	1
TCACCCAAACATAATAC	1
AAGTCCATGCACGAAGC	1
GCACACACAGACGCGCT	1
AGGTCAATACTCTCCTA	1
GGCTCCATTCCTTCTTT	1
ACATCGTTACATTGTAT	1
ACATCCATGCACACGCT	1
ACATCCGTGCACCATTT	1
GAGCTCATAGACCCTCT	1
TACCATATACCCCTCAA	1
GGGCACAAACCCACGGT	0
GACCACAGACATCTCCA	1
TACCCCGTCCATTGAGT	1
ACAACCAAGCATTATGC	1
GGGTCCAAAGACTTGGG	0
TCACCCATACACCCGCC	1
GTGTACATACATTATTC	1
TAATCCTGACGTTATGT	1
AGTTCCATAAACCTTTC	1
TACCCCTCACGTCGTCT	1
AGAACCACACATTTTGC	1
TGCTCCAAACAATTGGG	0
TAGCGCATACATCTGAT	1
GGTCCCGTACACCCCGG	1
CCATCCAATACCTTGGA	1
GGGGGCAGACCCTACGG	0
TCATGCATGAACTTAAC	1
GCAACCATGCAATCTTA	1
TAACCCCGACATTTCAA	1
GCGCCTATACATCAGAA	1
TTATTCTTGCCCTTGAA	0
TCATGGAGGCACCTGAT	1
CCACCGTGACATCCTCT	1
TAGCCCAAACAACCCAA	1
GCGCCCTTGGACCTTGA	1
AAGTGCAAACATTACAA	1
TCGTTCATTCGCTTCTA	1
GCAAGCACACATCAGGT	1
AAATCCAGACCTGGGAT	1
GGACGCAAACGTTCCAA	1
TTATCCATACATTCCAT	1
AAATCCTTACACTTCCA	1
GCATACATAAACTTTAT	1
ACGTTCATACACATGCT	1
TATTGCATGCCCTCTAC	1
AGTCCCAAACATCAGGG	1
CAACCCTTACCCCTCAT	1
TCACTCAAGTACTACAA	1
ACACACATACATACAAT	1
CAACACAGACACCCGTT	1
CAACCCAAACATTTTCG	1
GCACCCAAACATCGCAT	1
TGATCCGAACAACCCCA	1
GAGTCCACTCCTCTGGT	1
GTGTCCGTGCATAACGA	1
ACACACATACCTTGTTT	1
AACCCAGTACACTGCAG	1
CCACCAGCACCCTGTAA	1
GGCCCCAGACACCGATA	1
GAATTCAGACAACTCAA	1
TTCCCCAAGAACTCCGA	0
AGACTCAAAGACCACAA	1
TATTTCATAGACCTCGT	1
AAACCCTTACCAAATCT	1
ACAATAACACAACGTTT	0
AAATGCAAAAACCTGGT	1
GCACCGATACCTTGGGA	1
ACCACCATCCATCTCTC	1
TTAGCCAAGGACCCCAT	1
TCTCCCATTCACTACTT	1
ATATCCATAGATTTGGT	1
AGGTCCAGATACCTGTT	1
ACGTTCAAAGCCACCAG	0
AGGCGCATACGCTACAA	1
ATATCCAGGCATTGAAT	1
GGAACTATATACCCCAA	1
GGTTCCAAACATGTCAG	1
AAGTTCAAACCTTTGTC	0
ACGTTCATTCACACTTG	1
TCCTGCATACCCCTCAT	1
AAACCTTCACCTGGTGG	0
AAACGCATGCAATTTAA	1
ACATACATACATATATA	1
GAGCCCTTGCACGCAAA	1
AAATCCATCCATTTCAC	1
ACACCCGTGCATTAAAG	1
TCATCCATGAGCGCCAT	1
AAATTCACACATTTACA	1
GAACCCAAGCGCCTCAT	1
GCACTCAAAAACCTTCT	1
CAGCCCTTACATCAAAT	1
AGACCCGTCCCTAGAGT	1
AAGCCCTGGCCTCCCGG	1
ACATTCATACACGATAG	1
AGCCACATACCCACAAT	1
GGATCCAGAACCACCCA	1
TTGTCCGCCCACCCCAC	1
ACACACACAGACTTGCC	1
GAACCCTCTCACAGAGG	1
ACCAACAAGCACACCGA	1
ACAACCGTTCATCAAGC	1
GACCCCAAACAACACAT	1
GGACCAAGACACCATAA	1
GAACCAGTACATAAAAG	1
AAATCCATGCCCGTTAA	1
TAACCCACTCACATTGC	1
TCCTCCAAGAGCTCCCT	0
ACACCCACGCCCCGCAA	1
GAAACCATACATCGTTA	1
AGGTCCATAAATCTCCG	1
TCATTCAGACCCCAGTG	1
AGACCCATTCACCCACG	1
TTGTACATATACCTCAC	1
AAACCCGTACCCTGTTT	1
TCATCCACGCCCAGAAA	1
CCCTCCGGACCCCCTAC	1
ATAACCATACATCATCC	1
CAATCCGTACACAAGGT	1
TCACACAGACAGCTCAT	1
AAGTCCGTGAACGTCAT	1
TCGTCCACACCAGCGTC	0
GAGCCCAAAGACTGCGA	1
GAACCCATACATACACA	1
TGAGCCGTACACCGAGT	1
GCCACCGCATACCCCAC	1
GAGCCCAAGCATTGAAA	1
GCACTCACACACACACT	1
TCACCCAAACAACTCAA	1
AGACCCGCACACCATCG	1
ACACCCGTACACCACAC	1
TCGTCCTCACATCGTAT	1
GACTCCAATCATCTTAA	1
ACATACAAACACCTAAT	1
GAACCCGTACATTTTAT	1
AAGTCCAAGACCTTGTC	0
GAACCCGTCCATCCGGC	1
AGGTCCAGACATCCTCA	1
CAACCTGTACATCAACC	1
ATAACCACACACCTGGT	1
GCACCCTTACGTCTACT	1
GCAGCCACACCTGATAC	1
TGGGGCAACCACTTTGA	0
GCATCCTTACATCATCC	1
AAATTCATGGCCTTTTA	1
GAACCCATAATCTTCTG	1
TACTCCATCCCTTCGTC	1
TCATCCTTACATTGTCG	1
GAATCCAAGCATACTCC	1
TCATCCACTCCTCCGAG	1
GTCTCCATGTATTTGGC	1
TTGCCCATTCATTTTTA	1
TAGACCATGCAGCTTCC	1
CCCTCCACACACCATGG	1
GGATCCATACTTACAAT	1
GGGACCAAATACTTCCA	1
ACATCAAGGCCTTGAGA	1
AACCCCAAAAACTTGAT	1
GCACCCATACCTTCCTT	1
GCCCCCATACCGGAGTC	1
TTATCCATGCAACCAAG	1
GAATACATACATCAATC	1
TCGACCTTGCACTCCCG	1
GCGACCGGACACCACGT	1
CAATGCATCAACTCCGA	0
ACACCCTTATATTGAAG	1
ACCCCCAGGCATTCTCG	1
GGGCCCATACCATTGTT	1
GCGTCCCTGACCTTGTG	0
ACATCCGTACATTCTAT	1
GGGCACAGACATCTGTA	1
GAATCCACAGACCAAAT	1
AAATACAAACACATGCT	1
ACATCCGAACATTTTAG	1
GCATCCATACTCCTTTT	1
AAAATCATACATTTCGG	1
AAATCCATACTCAACGA	1
AATTCCGTACATTTTAA	1
TGCCTCACGCACCTTCT	1
GCCTACATAAATCTTAA	1
CCATTCATAGATCCGAA	1
TCACTCAGACACACCTA	1
ACATTCATGAACTCATC	1
GCACCCATTCACCCCGC	1
GCACCCTCACACAGGAT	1
GTACACATACAACATGA	1
ACATGCAAATACTCTGA	1
GCACGTATACCCTTAAA	1
TTCTGCACGCATTCCTG	0
AAATCTGGACAGCGCGG	1
AGTCCCACGCCCCCTCT	1
GGACACTGACAACGAAT	0
AGGCCCTTACAGAGCAG	1
ATGCCCGTGCACCCACG	1
GTGACCACGCACTTTTT	1
AAACCCGTTCGTAAAAT	1
TCATCCACACCTGAAAT	1
AGACACGAGCACCTTGA	1
GCACTCACGCACAATCA	1
GCACCAATACCTTCAGA	1
GCACACACTCACCATAA	1
TCTTCCAGGCCCTCCAC	1
ACAACCACGCAATAGAA	1
TTACCCATACTCTTCAT	1
TCGCCGAGACCCTTTTA	1
ACAGGCGTGCACCGCGT	1
AAACCCAAGCAAGCCGC	1
GAACACATACACTATAT	1
GGATCCATATATGTTAA	1
GCGGCCATGCAATTGAG	1
TTGTCCACGCCTCTTTC	1
AGATCCGGACATGTAAC	1
ACACCCACAAGTCTGGA	1
TGAACAATACACTTCAC	1
CCGTCCAGACACGTTAA	1
TACAGCAGACACCTTGT	0
ATCTTCATGCACTTCTT	1
CCACCCACACACCTCAA	1
TTATCCAAATACTACGA	1
ACACCCATTCTCCAGGT	1
ACATCCGTACATATTGT	1
AAATCCATGCTCTCAAG	1
ATTCCCACACACATCAA	1
AACCCCTTACATAATCT	1
TCATCAACGAACTACAA	1
CAACCCTCTCCTCAGAC	1
AAGTCCAAGTCTTCCCC	1
TCATTCATACATCCCCT	1
GAACCCAGACCATTTTA	1
AACTCCACATCCCTTAC	1
AAATCGACACATTCGTC	1
AAACGCATGCGCACGGC	1
ATGTACATGCCCCTTAT	1
AAAACCTTACATTGTTC	1
GGATTCAAAACCTTGAA	0
CACCCCATACATCTTAC	1
GTGTCCATTCATCTCAT	1
GCATCCGTACTCTCATA	1
ACACCATTACATGCTCA	1
TTATTCATACTCTTCCA	1
GAAACCATCCACTTCAC	1
AAAACCACACACATCGC	1
GCACCCATGCATCCACT	1
CAAGCCACGCACTTTAA	1
GCATCCATGGAATTTGA	1
GCGCACAGGCACTTTTT	1
GGACCCATTTATTCCAA	1
TGCTGCAAACCTTCCAC	1
ACACCCTGACTTTTCAA	1
ACCTCCGGCCACAACAT	1
TCCTTCGTGACCTCGGA	0
TCTACCATCCACTTCTC	1
ACACCCACACATGCGCG	1
GAGTGCATACATTGCCA	1
GACCCCATACAACAGCG	1
AAGCGCATATACTTAGT	1
GCATCCAGACACTGACA	1
ACAAACATACACGTTCC	1
TCATCGAGACCTTTGAA	1
GAATTCTTACCCACCCA	1
GCACCCACGCACCCAAC	1
CAATCCAAACCCTCTTC	1
GAATCGATCCCCACGGA	1
ACACCCAGACACGGTTG	1
GCATCCGTGCATGGCAT	1
TCACCCTCACACAGTAA	1
AAATCGGCAGATCATCC	1
ACACCCATGCATAGTGA	1
CATCCCGCACATACCTT	1
ACACCCATATGCATGAA	1
TGCTTCAGACACTCCTG	0
GCGACCATGCATTCTTA	1
ACCTGCATGCACGTCAT	1
GAACACATGCATTATAT	1
ATACACATACACCCCTC	1
TTCTGTATACACCCGCA	0
CCATCCATGCCCTCCAA	1
GGAACCATAGATTCCTG	1
ACACACAGACACAAGCT	1
GTGTCCAAATACCAGGA	0
TGGTTCACAGATCCCAA	0
TCATCCACGCAACTTTT	1
AGGGCCATGCAGTTGAG	1
GACGCCGAGCACCTCGG	1
GAACCCATTCCTCAAAA	1
TAGGCCAGACATTTTTT	1
AAATGCATACATACGAG	1
ACACTCGTACACTCGCT	1
TAGTACATACGTCTTGC	1
TAGTCCTTGCATTTCGC	1
TAGTTCATTCACTCTTT	1
GGACACATACCTTTCGA	1
GCACGTATACACATGTA	1
AAACACAGATACCTCGA	1
CCGCCCATACACCCCAT	1
ACACCCAATCATAGTTG	1
AATTCCATAAACCTTAA	1
TAATCCACACGTACCCA	1
ACACCCTTGCCCCTTAA	1
GAGCCCATACGTTCCTC	1
AGCTCCGGAAATCGCAT	1
ATATCCTGACATGGAAA	1
GCGGCCACAGACCACAT	1
TGACCCACAAACAACAC	1
TTTCTCATACACCTTTA	1
ACGCCCTTTCCCCTCAA	1
TTACCCCTACACGTTAA	1
TCACCCATACAGCCTAC	1
TGGTTTATACACGCCAG	0
GGACCCACAGACGCTCA	1
ACCACCAAAAACCTCTT	1
CAATCCATGCATCTTGC	1
GTGTCCATGCACTTTAA	1
ACACCCAAACATATTAT	1
GAATCTACACACTTCTT	1
AAACACACACACTCACC	1
AGACACATGCACATCCT	1
AAACACATTCATCTCTT	1
AACGCCGTGCACGTGAC	1
TAATCCAAACATTGTGC	1
TAAACCAAACACAGGAA	1
TCCTCCATACAGTGCAG	1
TCGCACACACAACCAAT	1
GGATCAATAACCCCGAT	1
GTATCCAGACATAATGC	1
GCATTCATAAATTTGTT	1
GCCCACATGCTTTCGAA	1
AGGACCACAAACTTCGT	0
TTATCCAAACCTTCCGT	1
ACACTCTTTCATCGTAA	1
AGACGCATACCCAACAG	1
AAGCCCAAGGATTTGGC	1
TCACCCGTACATATGCT	1
ACTCCCTTACCCGACGG	1
TCACCCATACATAACAT	1
GACACCACGCAATTGGA	1
TCGATCATATACTAGAA	0
TCATTCATACGTTCGTT	1
ACACCCAAACATCTGCA	1
AAACACATACACCTTAA	1
AAACCCATTCCTTCATA	1
AGACCCACACACCCTCG	1
ACATCCACACTCTCTTC	1
AACACCGAACATCGCAC	1
TAACCCTGACACGGTAG	1
ACATCAATACCTCTGTC	1
AAACCCAGGAACTACGC	1
GGGCTCATAACCCTGAT	0
ACACACATACATTTCCA	1
TCATTCTCGCACCTTCA	1
ACACCGTTGCCTACAGT	1
ACACCAATGCCTAAACT	1
GCACCCGTACCCCACAA	1
ACCTCCGTGCATCCTGT	1
TGACCCATTCATGACAA	1
GTCACCAGGCACGTCGA	1
ACACTGATAAACCCCAC	1
ACCTTCATGCACTATAC	1
AAACCAGTTCATCACTT	1
AAACTTGCATATATTTT	0
AGACCCAAAACTTCAGC	1
ACACCCTTACCCATCCA	1
AGCTGCATACGCTACTA	1
GAACTCAAGCCCTCTTA	1
CCACCCATCCGCTCTGA	1
AAACGCATAGACTACGA	1
AAATCCTTTCACTCCTT	1
AACTCCATACATCTTAT	1
TCAACCATGCACTTTAG	1
GACACCATACATCACCT	1
AGGTCCATACCCAATAA	1
AAACCCATATCTGGAAC	1
TCGCCCAAACCTCTTCT	1
TGGTCAAAACGCTCCAG	0
TTGTCCGTACACCTCGT	1
ACCCCCATTCACTTCAT	1
ACGCCCTGACCTATCTC	1
GCATCCAAATATCTCAA	1
ATCCCCATGCAGCCTGT	1
ACATCCAGAAACTGAAC	1
AGACCCATCCCTTTGTC	1
CCGCGCATAAACCAGAA	1
GCCTCTGTACACCTCAC	1
AAACGCATACACAGCCA	1
AAACCCTTTCCTCTTTT	1
CCTCCAGCACCTTGTCT	1
ACACCCAGACATTACAT	1
TCGCCCAAAAAAATCAT	1
GCCACCATGCATCGTTC	1
AAACCCAGCCATCAATT	1
GTGCCCAAACACGGGAT	1
CTCACCATACCCTCCGT	1
GAGTTCACACGCCTTCA	1
TCAAGCGTACATCTGCA	1
TAGTCCATACCTACACT	1
GCTCCCAGGCACCGCAT	1
TGCTCCAAACATTCTAC	1
GCAACCACACACCAAAG	1
ACCTGCACAAACGTTAA	0
GAGTGCAAAGATCTGAT	0
ACCCTCATATATCTCAA	1
AGATTCAAGCATGCCAA	1
TCGGCCAGGCATCATAT	1
TGATTCAAACCCAACTC	0
AAGTTCATAAACTCTTT	0
GGCTCCACGGACCCTGA	1
ACATCCGTACATTACTA	1
AGACCCATACATATCTA	1
ACCTACAAACATCTAGC	1
TCATCCAAACACTGCAC	1
TCCTCCAAACCCTGCAC	1
GAGCCAATGCACTAAAC	1
GAACCCAAACAAATCCA	1
AAATCCGCGCGTGACCC	1
ATATACAAACACTAGGA	1
GCCTTCAGACATATCAG	1
GCACTAGCATCTCTTAG	1
GCATCCAGACGTGGTGT	1
ACACCCAGACCTCCCTG	1
TAACCCACCCACTGTAT	1
ACACCCTTACCAATCAG	1
TCGTTCACATACCTTGC	1
TCGTTAAAGCACCAGAA	0
GAATACAAACCCTAGTT	1
GAATCCAAACCTTTAGA	1
AAGTACATACCTCTGTT	1
TCAGGCAAGGACTCGAA	0
TGAACCAAACACCAAGG	1
TTATCCATCCACCAGTC	1
ATACCGACGCACTTGGC	1
GCAACAATACAACCCAC	1
AAATCCAAAACCCTTTA	1
GCATCCATCCAACCATC	1
GCAATCACACTCTTCAC	1
GCATCCACACATGCAGA	1
GCATGCATATATCTCTG	1
GCGTTCACACGTCACAC	1
ATATCAATACACCTGTC	1
TGACGCTTGAACTCCGA	0
ACATCCTTACATCTTCG	1
ATATCCGTACAGTTTAA	1
TCATCCTGACATCCAGC	1
ACATCCATGCCATTAGA	1
AAACCCAGACTCTACCA	1
TAACACAAACAACTTGC	1
GAAACCACACTTTTCAC	1
TCCTTCAAAAATTCTAA	0
GAATTCATGAAATCGAA	0
AGATGCAAGCACTTCGA	1
ACGCCCGTGCCCCGCGA	1
GCGACCATACACCTTGA	1
GGACCCATAGGCTCCAA	1
GCGGACATTTACCCGGA	0
GCTTACAGTCACTCCGC	1
GGGTGCCTACACATCAT	1
ACATACATACCTTCTAC	1
AAGCTCATAGACCTTTT	1
TCGTCCATTCCCTTGTT	1
AAACCAACACCTAGGGC	1
AAACGCAAACACTTTTT	1
GCTTCCATACAGCAAAT	1
GAACCCATACACCGCAC	1
TTCCGCATGCATCAGAC	1
ACATCAAAGCATTCCAT	1
GCATCCTCACATTTGCT	1
AGCTCCATACTCTCCAA	1
ACATCCAGATATAGAAG	1
AACACCACAGACCTCAA	1
AAAACCATGCCGTTGAA	1
ACGTTCAAACATTTTAT	1
TTACCCAAACCCTGCGC	1
ATCTCCATCAACCTCGC	1
GGGCCCGTAAACCCTTT	1
CCATCCACTCACTCTCC	1
GCAACCATACAAGCGGT	1
CAATCCACACAGCAAAC	1
GCACCCATACAATTCTA	1
TCATTCATACAACTGTT	1
ACACTCATAGTCCTCGT	1
AGGTCCATAGACTTCGA	1
GCAAACATGCAAGTCAA	1
AAATCCGTACATTTATC	1
GAAACCATACAGATGGG	1
AATCCCATACACGGACT	1
GAACCCAGCCCCTATGC	1
AAATTCATATATTTTAC	1
CCATCCAAACCCAAAAT	1
TCAACCACAAATGTCAA	1
TACTACATACTCTTTTC	1
GAACCCTCGCTTAGCGC	1
GAGTTCATATACCGCTT	1
TAAGACATGCATTTGAA	1
GCATCTTGTCATCGCAT	1
TCATCCAGCCACTCTCT	1
GCCTTCATAAGCTACGT	0
TTGTCCATATATCAGAT	1
AATCCCAGACGTCGCGT	1
GCATTGGCAGAACTAAG	0
GCGACCACACAATCTAA	1
GGATACAAACACTAAAG	1
CAACCAGAACATATTCT	1
AGGCACATGCACTAGAG	1
GCATACATAGCCTTTGA	1
TCACACGTGCACACAAT	1
TGATCCTCGCACTTGTA	1
AAAGCCATACCACAGAA	1
TCGCCCATATCTCTCGA	1
AGATCCTTACATTACAC	1
TCGTGCCTACACGCGCA	0
TTATACACACATTCAAA	1
AAACTCATATCCTTGAC	1
ACAAGCACGCCCCTTGA	1
AAATTCCCACACTTCAC	1
ATCTTCACGCACCTGAG	1
TAGGTCAAGAACCTCCA	0
AGACTCAGACACCTAAG	1
CTATCCACACAGCTGAC	1
GCAACAACACATTTTGT	1
AAACCCAAGCCCATGCT	1
GCATCAATACATGAGAA	1
GCGTCCCCGCACGTTGC	1
CGAACCATCACCCCCGA	1
CAGTCCATGCCCTCCAG	1
GGGTCCGCACCTTCCCA	1
AAAAGCATGCACCTTGC	1
TCCTGCAAAAACTTTAT	0
GGATCCACGCCCAATAA	1
AGGGCCATCAACTTGTC	0
CCACCCAAACGTTCTGA	1
ATTTCCGTGCACTTCGT	1
ACATCCATTCCTCCAAT	1
ATATCCATACACACTAA	1
GACTTGAAACACTTCAA	0
GCAACCAAGCCTTTCGA	1
GGCTCCCAGCCCTTGGA	0
TGACGCAAAGACCTAGC	1
TGCCGCATGCACATTAC	1
TGATCCGAGAACTTGGG	0
TCTTGCATAAACCTTAT	1
AAGTCCACGCAGTACCC	1
GCATCCACACGTCACAA	1
ATTTCCAAGCCCTCTGC	1
GGCCTGATGCCCTTCGA	0
ACGCCCAAACACACGTA	1
TGATCCGTTCCCTAGGA	1
ACACCCATTACCCTTAT	1
GAGTTCAAGGACTTGAA	0
CAATCCGGACCCCACGG	1
TGGAGCATACCCTTGGT	0
TATTCCATACCTCAAAA	1
TCACCCAGACACCAAAT	1
TCACCCGGAAACCACAC	1
TCACCCGTACGAGTATT	1
AAACACATGCACGCCAC	1
TAATCCAAAAATTTCAA	1
AGGCCCATGAACTATCC	1
ACATCCGTACACCTCAC	1
ACTTCCTCACCTCTCCT	1
TACTCCATGCAAGTCAG	1
AAGCTCATCAACCCTAA	0
ACATCGGTGCATAGAAT	1
TAATCCGTCCCCTACTC	1
TGCTCCAGGCCCCATCA	1
ACACCGAGCCATAGCCG	1
AAGCCCAAGCCTCAAAC	1
ACAGCCATACAACATAA	1
TAACCCACACACCGCAT	1
GCAAACACACACGTATA	1
TCAAACACAAACCCCAA	1
ACGATCATACATTCTGT	1
ACACCTTCACCAGGCGC	0
GAGTCCATACATCCCAG	1
TAATCCGTACACCACAT	1
ACATCCATGCATCATCT	1
TCACCTAGACCTAATAT	1
TAGCTCATATATTCTTA	1
TCACCCATATCCAACTT	1
GGGTCCAAGCCCTTAAA	1
TTATTCATGCCTCATAA	1
AGATCCAAGAACCTAGA	1
CCACCCTCACACAGGCA	1
GCATCCGTACATTTGAT	1
AAGGGCATACATCAAGA	1
ACCTCCATTCGCCACGA	1
ACAACCAGACCTACTGC	1
TCATTCGTAGACTCGAT	1
AAACCGGTACCTCCGCT	1
GAAACCAGACATAATAC	1
ACGTCCATGCGCATTCT	1
ACATACAAGCATCGCTA	1
GCGACCATATACCCCTC	1
GGACCCGTAGATTGAGT	1
TGATCCATGCAGTCCGA	1
AGGTGCATTCACCACAC	1
ACACCCAAAAACTTCAT	1
GCATAGAAACACTTCAT	1
GGCTACATAAACATTTA	0
GAATCCGTTCCCTCCAA	1
AAACCCTTCCATAGGGC	1
AGCAGCAGACACTCCTT	1
CTATCCAGGCACTAAAA	1
AAACCCTTGCCTTTGAA	1
GGATTCATGCATTGGAC	1
ACGCTCATGTACTTCTT	1
ACACCCTCACAGAACAT	1
CCATCCATACTTCTTAC	1
GAATACAAGCACATATA	1
TGGTACATAAACTTCCT	0
TCGTCCACATACTTGTT	1
TAACTCATACTCTAATA	1
TTGTCCATGAACTTTGG	0
ATATGCAAACATCCCAT	1
CAGTTCACACATCTAGA	1
CACTCCAAACCTTCCTT	1
GCACCAGAACATCCCGA	1
TGACCCATACCCATGTC	1
TCATCCATTCTCTTAGC	1
CCATCCAGACAGCCGAA	1
AAATGCATACATACAGA	1
TGTGCCATACACTCCAA	1
ACACCCACAGCCCACAC	1
ACAACCTTACATTACGC	1
GGGCCCAAGCAGTAGAG	1
ACGCCCAGGCGCTCTTA	1
GAACCCAAACAATCTGA	1
TCATCAGCTCATCGCAT	1
GCTTCCAGGCCCCTTTG	1
GGATCCATCAACTTGTT	1
TACACCACACAACTGGA	1
TAGGCCGTACACTTTAT	1
GTCCCCATGCATTCTAC	1
ATATCAGCGCATCTTGC	1
AAACCCAAGAATCTGAG	1
CGGTCCATGCATTGAGA	1
GCGTCCCTGCGTCCCAA	1
ACACTGATACCCCTTTC	1
ACACCACGACATCACCT	1
CCACCAATGCACCACCG	1
GCATCCGGACATCACAC	1
ATAGGCAGACACTCGGA	1
TGGTCCAAGCACTCTCT	1
CCATCCGTACGCACAAA	1
ACATCCCAGCCTCTCAT	1
GCCCACATGTCCTTGAA	1
ACACGCATGCATTTTTT	1
ACATCCGTACCCTACAC	1
TCATCCATAGATCTGGT	1
ACCGCCACACATACCGT	1
GCATTCATGCACATCAT	1
GGGCTCATGCATTAGAT	1
CCCCCCTCACCTTTCTT	1
TTGGCCATAAACTTGGT	0
ACATACATACATATATT	1
TGAGCCATTCATTCTTC	1
CAATCCGTGCGTTTCAG	1
TCACTCACACATCACAT	1
TCACCCATACCTCAACT	1
GACCACGTACACACCAG	1
TCACCCAAACTTTCCGT	1
AACCCGGGACCTCCCGC	1
GCGTCCATGCAAACTGA	1
TGAGCCACGACCCTCTA	1
GCAACCAAGACCTCCAC	1
GCACGCACAAACCAAAT	1
ATACCCGTACACATCAA	1
TAATACATGCATCTATT	1
TCCCTCATACACTATTG	1
AAATCCATATATAGCAT	1
GCGGACAGGCATCTGAG	1
TCGTTCAGGCCCGTGTA	0
TAATGCATCCACTCTAG	1
AAGACAGCGGATATTGT	0
GGTTGCATACATCTGGC	1
GCATCCGTCCACCTTAC	1
ACACCCAAATACCTAAC	1
ACGTCCAGCCACCCATT	1
GTACACAAACACCCGCT	1
CACCCCACACATTACAA	1
TGACCCAGGAACTCATT	1
TCGGTCATACATACGTA	1
AGCTTCATACATCCAAT	1
CCAGCCACACAGCTCAC	1
AGCTGCAGACATCTTGT	1
GCACCCGTGCCCCCGCT	1
GCCCCCGAACCCCATAT	1
TCATCCGGAAACTCCAG	1
AGATCCAGACCCCGCTG	1
TCAACAATAAACTTGAA	1
GAACACGTACACTATAC	1
GAATACGAACACCAGGG	1
TCATCCAAAGATAAGGA	1
GCGCCTGTGCACTACAT	1
TCATCCATACACCCTGA	1
TCATACATACCCATCTC	1
AGACCCATTCACCAACG	1
AAAACCAGACATACTAA	1
TTGTCCATAAGTCCGGA	0
CCAACCATTCCTTCCTA	1
